,year,biomass,Index,forecast_round
0,2019,4.834422,0,4.8344
0,2019,37.842796,1,37.8428
0,2019,45.785374,2,45.7854
0,2019,74.94513,3,74.9451
0,2019,20.764385,4,20.7644
0,2019,22.686426,5,22.6864
0,2019,33.823444,6,33.8234
0,2019,22.356777,7,22.3568
0,2019,29.599197,8,29.5992
0,2019,48.466198,9,48.4662
0,2019,8.756326,10,8.7563
0,2019,6.836149,11,6.8361
0,2019,6.4296155,12,6.4296
0,2019,0.16223438,13,0.1622
0,2019,0.3942803,14,0.3943
0,2019,27.610117,15,27.6101
0,2019,80.228546,16,80.2285
0,2019,130.80128,17,130.8013
0,2019,126.300606,18,126.3006
0,2019,81.542206,19,81.5422
0,2019,118.5964,20,118.5964
0,2019,96.61223,21,96.6122
0,2019,90.68214,22,90.6821
0,2019,89.49981,23,89.4998
0,2019,88.835556,24,88.8356
0,2019,76.6976,25,76.6976
0,2019,34.33738,26,34.3374
0,2019,33.81996,27,33.82
0,2019,3.1104298,28,3.1104
0,2019,0.22851932,29,0.2285
0,2019,25.8751,30,25.8751
0,2019,62.92633,31,62.9263
0,2019,144.51076,32,144.5108
0,2019,145.01405,33,145.0141
0,2019,106.35289,34,106.3529
0,2019,81.17762,35,81.1776
0,2019,137.34918,36,137.3492
0,2019,132.72462,37,132.7246
0,2019,90.79479,38,90.7948
0,2019,58.05791,39,58.0579
0,2019,80.01712,40,80.0171
0,2019,87.860085,41,87.8601
0,2019,102.91613,42,102.9161
0,2019,22.96054,43,22.9605
0,2019,1.8183988,44,1.8184
0,2019,0.115432955,45,0.1154
0,2019,0.44515675,46,0.4452
0,2019,14.0851145,47,14.0851
0,2019,104.9229,48,104.9229
0,2019,129.48952,49,129.4895
0,2019,93.487274,50,93.4873
0,2019,95.95016,51,95.9502
0,2019,77.00344,52,77.0034
0,2019,179.43962,53,179.4396
0,2019,122.862526,54,122.8625
0,2019,94.61334,55,94.6133
0,2019,146.66963,56,146.6696
0,2019,109.43977,57,109.4398
0,2019,74.20813,58,74.2081
0,2019,77.72557,59,77.7256
0,2019,56.556618,60,56.5566
0,2019,16.358753,61,16.3588
0,2019,13.248318,62,13.2483
0,2019,32.178356,63,32.1784
0,2019,7.2257233,64,7.2257
0,2019,6.1093807,65,6.1094
0,2019,8.455742,66,8.4557
0,2019,0.42153656,67,0.4215
0,2019,0.18900083,68,0.189
0,2019,8.414753,69,8.4148
0,2019,85.993774,70,85.9938
0,2019,125.03975,71,125.0398
0,2019,133.70139,72,133.7014
0,2019,120.81179,73,120.8118
0,2019,159.37167,74,159.3717
0,2019,148.0422,75,148.0422
0,2019,84.069405,76,84.0694
0,2019,84.69879,77,84.6988
0,2019,153.87975,78,153.8798
0,2019,169.09384,79,169.0938
0,2019,78.35814,80,78.3581
0,2019,30.283539,81,30.2835
0,2019,46.068695,82,46.0687
0,2019,22.052395,83,22.0524
0,2019,69.15668,84,69.1567
0,2019,41.358616,85,41.3586
0,2019,5.3888636,86,5.3889
0,2019,23.132284,87,23.1323
0,2019,43.60793,88,43.6079
0,2019,8.70655,89,8.7066
0,2019,0.11689025,90,0.1169
0,2019,1.6927152,91,1.6927
0,2019,49.001957,92,49.002
0,2019,115.94217,93,115.9422
0,2019,103.18063,94,103.1806
0,2019,87.368675,95,87.3687
0,2019,109.772354,96,109.7724
0,2019,122.78258,97,122.7826
0,2019,118.28077,98,118.2808
0,2019,126.48727,99,126.4873
0,2019,91.186,100,91.186
0,2019,165.23831,101,165.2383
0,2019,139.76234,102,139.7623
0,2019,95.10027,103,95.1003
0,2019,119.56009,104,119.5601
0,2019,127.979454,105,127.9795
0,2019,99.794754,106,99.7948
0,2019,59.80126,107,59.8013
0,2019,7.913647,108,7.9136
0,2019,4.2417455,109,4.2417
0,2019,2.8784742,110,2.8785
0,2019,4.847322,111,4.8473
0,2019,2.8627906,112,2.8628
0,2019,25.386124,113,25.3861
0,2019,17.50094,114,17.5009
0,2019,1.4090904,115,1.4091
0,2019,0.023129025,116,0.0231
0,2019,0.3834246,117,0.3834
0,2019,32.327816,118,32.3278
0,2019,81.85251,119,81.8525
0,2019,73.44501,120,73.445
0,2019,89.69066,121,89.6907
0,2019,162.65523,122,162.6552
0,2019,184.56563,123,184.5656
0,2019,149.67094,124,149.6709
0,2019,105.700645,125,105.7006
0,2019,98.20668,126,98.2067
0,2019,103.65013,127,103.6501
0,2019,123.62605,128,123.6261
0,2019,125.08253,129,125.0825
0,2019,145.85518,130,145.8552
0,2019,79.46652,131,79.4665
0,2019,96.97302,132,96.973
0,2019,113.463455,133,113.4635
0,2019,40.43064,134,40.4306
0,2019,33.029472,135,33.0295
0,2019,10.316125,136,10.3161
0,2019,3.9726298,137,3.9726
0,2019,19.525211,138,19.5252
0,2019,36.132362,139,36.1324
0,2019,8.370208,140,8.3702
0,2019,1.5550172,141,1.555
0,2019,0.17261542,142,0.1726
0,2019,22.919086,143,22.9191
0,2019,52.423782,144,52.4238
0,2019,87.93673,145,87.9367
0,2019,124.27643,146,124.2764
0,2019,157.73134,147,157.7313
0,2019,99.94208,148,99.9421
0,2019,97.29715,149,97.2972
0,2019,110.245255,150,110.2453
0,2019,92.72878,151,92.7288
0,2019,123.271095,152,123.2711
0,2019,114.607376,153,114.6074
0,2019,104.57288,154,104.5729
0,2019,130.21791,155,130.2179
0,2019,120.64398,156,120.644
0,2019,109.3564,157,109.3564
0,2019,142.19034,158,142.1903
0,2019,89.97574,159,89.9757
0,2019,43.68662,160,43.6866
0,2019,8.530483,161,8.5305
0,2019,8.322888,162,8.3229
0,2019,66.61956,163,66.6196
0,2019,175.29854,164,175.2985
0,2019,64.13103,165,64.131
0,2019,41.78834,166,41.7883
0,2019,0.15490371,167,0.1549
0,2019,0.29220313,168,0.2922
0,2019,14.73479,169,14.7348
0,2019,70.29035,170,70.2904
0,2019,85.28848,171,85.2885
0,2019,77.94376,172,77.9438
0,2019,148.8492,173,148.8492
0,2019,112.2176,174,112.2176
0,2019,120.58554,175,120.5855
0,2019,129.11293,176,129.1129
0,2019,146.84575,177,146.8458
0,2019,159.85219,178,159.8522
0,2019,147.43481,179,147.4348
0,2019,230.32184,180,230.3218
0,2019,108.01503,181,108.015
0,2019,83.47656,182,83.4766
0,2019,99.288,183,99.288
0,2019,77.89804,184,77.898
0,2019,95.27602,185,95.276
0,2019,63.237915,186,63.2379
0,2019,50.481754,187,50.4818
0,2019,11.0849905,188,11.085
0,2019,69.16118,189,69.1612
0,2019,195.88213,190,195.8821
0,2019,156.89001,191,156.89
0,2019,50.67482,192,50.6748
0,2019,16.470375,193,16.4704
0,2019,2.8919108,194,2.8919
0,2019,1.3769665,195,1.377
0,2019,0.45489717,196,0.4549
0,2019,2.798254,197,2.7983
0,2019,2.7957723,198,2.7958
0,2019,9.512331,199,9.5123
0,2019,21.734198,200,21.7342
0,2019,21.51981,201,21.5198
0,2019,2.74238,202,2.7424
0,2019,0.01289833,203,0.0129
0,2019,0.020436682,204,0.0204
0,2019,0.007210223,205,0.0072
0,2019,0.22317743,206,0.2232
0,2019,1.2375966,207,1.2376
0,2019,41.31915,208,41.3192
0,2019,61.754753,209,61.7548
0,2019,49.59628,210,49.5963
0,2019,83.032616,211,83.0326
0,2019,242.45535,212,242.4554
0,2019,125.29905,213,125.2991
0,2019,72.36697,214,72.367
0,2019,54.903236,215,54.9032
0,2019,77.51613,216,77.5161
0,2019,116.02555,217,116.0256
0,2019,152.72098,218,152.721
0,2019,183.40625,219,183.4063
0,2019,141.5399,220,141.5399
0,2019,134.20776,221,134.2078
0,2019,148.92708,222,148.9271
0,2019,141.35722,223,141.3572
0,2019,139.0063,224,139.0063
0,2019,202.20322,225,202.2032
0,2019,127.07366,226,127.0737
0,2019,99.51985,227,99.5199
0,2019,161.88933,228,161.8893
0,2019,237.29398,229,237.294
0,2019,269.22754,230,269.2275
0,2019,59.00351,231,59.0035
0,2019,15.660597,232,15.6606
0,2019,17.529997,233,17.53
0,2019,12.263561,234,12.2636
0,2019,1.5487947,235,1.5488
0,2019,17.55342,236,17.5534
0,2019,23.03906,237,23.0391
0,2019,12.062549,238,12.0625
0,2019,12.9121685,239,12.9122
0,2019,20.284782,240,20.2848
0,2019,87.37093,241,87.3709
0,2019,47.991993,242,47.992
0,2019,3.191092,243,3.1911
0,2019,0.8692138,244,0.8692
0,2019,0.057158515,245,0.0572
0,2019,2.6291783,246,2.6292
0,2019,2.86634,247,2.8663
0,2019,7.8207793,248,7.8208
0,2019,70.78103,249,70.781
0,2019,54.478027,250,54.478
0,2019,97.04953,251,97.0495
0,2019,68.82567,252,68.8257
0,2019,145.12192,253,145.1219
0,2019,130.29105,254,130.2911
0,2019,90.20973,255,90.2097
0,2019,114.23706,256,114.2371
0,2019,190.64825,257,190.6483
0,2019,129.32654,258,129.3265
0,2019,151.0805,259,151.0805
0,2019,192.13475,260,192.1348
0,2019,173.95578,261,173.9558
0,2019,162.96074,262,162.9607
0,2019,194.80402,263,194.804
0,2019,112.74825,264,112.7483
0,2019,127.56021,265,127.5602
0,2019,205.31691,266,205.3169
0,2019,121.33729,267,121.3373
0,2019,264.71884,268,264.7188
0,2019,222.80421,269,222.8042
0,2019,168.66165,270,168.6617
0,2019,235.83974,271,235.8397
0,2019,126.25968,272,126.2597
0,2019,37.336124,273,37.3361
0,2019,47.7245,274,47.7245
0,2019,9.488847,275,9.4888
0,2019,0.000648986,276,0.0006
0,2019,1.6564869,277,1.6565
0,2019,7.8417964,278,7.8418
0,2019,1.6873336,279,1.6873
0,2019,0.116516605,280,0.1165
0,2019,0.001697394,281,0.0017
0,2019,10.450415,282,10.4504
0,2019,20.627703,283,20.6277
0,2019,9.081465,284,9.0815
0,2019,0.24069268,285,0.2407
0,2019,15.254059,286,15.2541
0,2019,32.19815,287,32.1982
0,2019,13.398364,288,13.3984
0,2019,20.185446,289,20.1854
0,2019,10.110644,290,10.1106
0,2019,15.904132,291,15.9041
0,2019,64.48326,292,64.4833
0,2019,79.83584,293,79.8358
0,2019,125.80373,294,125.8037
0,2019,127.480545,295,127.4805
0,2019,206.80428,296,206.8043
0,2019,211.62517,297,211.6252
0,2019,143.19724,298,143.1972
0,2019,177.56747,299,177.5675
0,2019,213.5861,300,213.5861
0,2019,264.00342,301,264.0034
0,2019,189.91296,302,189.913
0,2019,237.45164,303,237.4516
0,2019,163.19762,304,163.1976
0,2019,181.02261,305,181.0226
0,2019,164.053,306,164.053
0,2019,230.7867,307,230.7867
0,2019,187.8285,308,187.8285
0,2019,410.00055,309,410.0006
0,2019,247.31242,310,247.3124
0,2019,131.45374,311,131.4537
0,2019,77.93487,312,77.9349
0,2019,113.39457,313,113.3946
0,2019,100.16741,314,100.1674
0,2019,14.165722,315,14.1657
0,2019,0.46166334,316,0.4617
0,2019,0.74035364,317,0.7404
0,2019,0.8212601,318,0.8213
0,2019,7.4775066,319,7.4775
0,2019,9.370176,320,9.3702
0,2019,5.202485,321,5.2025
0,2019,18.61994,322,18.6199
0,2019,59.798065,323,59.7981
0,2019,62.7739,324,62.7739
0,2019,23.82807,325,23.8281
0,2019,0.5885216,326,0.5885
0,2019,0.007800504,327,0.0078
0,2019,0.61450034,328,0.6145
0,2019,0.40205437,329,0.4021
0,2019,0.02770184,330,0.0277
0,2019,3.468542,331,3.4685
0,2019,5.9013686,332,5.9014
0,2019,54.26124,333,54.2612
0,2019,112.70768,334,112.7077
0,2019,66.27296,335,66.273
0,2019,149.44687,336,149.4469
0,2019,244.34518,337,244.3452
0,2019,187.3456,338,187.3456
0,2019,186.81033,339,186.8103
0,2019,245.9036,340,245.9036
0,2019,308.23895,341,308.239
0,2019,203.59341,342,203.5934
0,2019,153.54181,343,153.5418
0,2019,162.65118,344,162.6512
0,2019,181.1879,345,181.1879
0,2019,126.642746,346,126.6427
0,2019,226.83163,347,226.8316
0,2019,226.8571,348,226.8571
0,2019,255.27637,349,255.2764
0,2019,161.37604,350,161.376
0,2019,298.02335,351,298.0234
0,2019,205.80476,352,205.8048
0,2019,67.39391,353,67.3939
0,2019,25.614729,354,25.6147
0,2019,141.97166,355,141.9717
0,2019,168.85193,356,168.8519
0,2019,31.724806,357,31.7248
0,2019,20.70973,358,20.7097
0,2019,0.16614659,359,0.1661
0,2019,0.10860894,360,0.1086
0,2019,0.08754189,361,0.0875
0,2019,0.6880952,362,0.6881
0,2019,1.4463464,363,1.4463
0,2019,8.513726,364,8.5137
0,2019,11.371917,365,11.3719
0,2019,2.173203,366,2.1732
0,2019,37.046562,367,37.0466
0,2019,86.53057,368,86.5306
0,2019,61.07695,369,61.077
0,2019,26.410278,370,26.4103
0,2019,52.279675,371,52.2797
0,2019,24.539108,372,24.5391
0,2019,3.1901572,373,3.1902
0,2019,1.4480478,374,1.448
0,2019,23.451885,375,23.4519
0,2019,85.15394,376,85.1539
0,2019,89.181656,377,89.1817
0,2019,79.66245,378,79.6625
0,2019,101.615906,379,101.6159
0,2019,289.24063,380,289.2406
0,2019,171.99751,381,171.9975
0,2019,115.66662,382,115.6666
0,2019,134.07808,383,134.0781
0,2019,116.84071,384,116.8407
0,2019,155.6265,385,155.6265
0,2019,127.57529,386,127.5753
0,2019,114.15535,387,114.1554
0,2019,174.16928,388,174.1693
0,2019,217.6515,389,217.6515
0,2019,173.17688,390,173.1769
0,2019,189.32544,391,189.3254
0,2019,145.34058,392,145.3406
0,2019,173.64299,393,173.643
0,2019,262.26007,394,262.2601
0,2019,137.07748,395,137.0775
0,2019,259.44098,396,259.441
0,2019,87.63529,397,87.6353
0,2019,76.74792,398,76.7479
0,2019,103.66189,399,103.6619
0,2019,62.20145,400,62.2015
0,2019,137.40633,401,137.4063
0,2019,19.361366,402,19.3614
0,2019,3.4928095,403,3.4928
0,2019,0.5020756,404,0.5021
0,2019,1.1507528,405,1.1508
0,2019,0.061695054,406,0.0617
0,2019,2.7508404,407,2.7508
0,2019,2.461687,408,2.4617
0,2019,4.0627527,409,4.0628
0,2019,8.461786,410,8.4618
0,2019,5.3437495,411,5.3437
0,2019,0.8404331,412,0.8404
0,2019,0.6516559,413,0.6517
0,2019,0.008579675,414,0.0086
0,2019,0.14985995,415,0.1499
0,2019,59.667778,416,59.6678
0,2019,65.035194,417,65.0352
0,2019,82.26906,418,82.2691
0,2019,44.32892,419,44.3289
0,2019,17.919127,420,17.9191
0,2019,36.590626,421,36.5906
0,2019,64.32226,422,64.3223
0,2019,19.80308,423,19.8031
0,2019,4.6328135,424,4.6328
0,2019,2.3541217,425,2.3541
0,2019,1.9783161,426,1.9783
0,2019,15.568217,427,15.5682
0,2019,90.50006,428,90.5001
0,2019,112.89771,429,112.8977
0,2019,140.42508,430,140.4251
0,2019,130.07437,431,130.0744
0,2019,172.01814,432,172.0181
0,2019,95.97599,433,95.976
0,2019,102.178024,434,102.178
0,2019,118.39997,435,118.4
0,2019,130.48468,436,130.4847
0,2019,199.14673,437,199.1467
0,2019,151.37125,438,151.3713
0,2019,166.76874,439,166.7687
0,2019,195.68883,440,195.6888
0,2019,200.44084,441,200.4408
0,2019,174.70505,442,174.7051
0,2019,151.68147,443,151.6815
0,2019,85.49565,444,85.4957
0,2019,128.01486,445,128.0149
0,2019,215.11456,446,215.1146
0,2019,300.63773,447,300.6377
0,2019,130.67545,448,130.6755
0,2019,159.64993,449,159.6499
0,2019,108.908035,450,108.908
0,2019,133.96619,451,133.9662
0,2019,131.92563,452,131.9256
0,2019,61.263165,453,61.2632
0,2019,60.817398,454,60.8174
0,2019,0.093797326,455,0.0938
0,2019,0.36893895,456,0.3689
0,2019,0.23609518,457,0.2361
0,2019,0.9036424,458,0.9036
0,2019,3.5597203,459,3.5597
0,2019,34.89567,460,34.8957
0,2019,1.6682954,461,1.6683
0,2019,3.1011658,462,3.1012
0,2019,34.96146,463,34.9615
0,2019,32.72617,464,32.7262
0,2019,37.649967,465,37.65
0,2019,53.940353,466,53.9404
0,2019,2.1105094,467,2.1105
0,2019,28.17936,468,28.1794
0,2019,4.623852,469,4.6239
0,2019,0.13585564,470,0.1359
0,2019,0.22740933,471,0.2274
0,2019,17.279022,472,17.279
0,2019,9.90791,473,9.9079
0,2019,28.954453,474,28.9545
0,2019,29.755762,475,29.7558
0,2019,2.1334789,476,2.1335
0,2019,13.719812,477,13.7198
0,2019,39.25604,478,39.256
0,2019,18.720545,479,18.7205
0,2019,1.8764069,480,1.8764
0,2019,1.1817333,481,1.1817
0,2019,8.477659,482,8.4777
0,2019,145.83377,483,145.8338
0,2019,301.87735,484,301.8774
0,2019,232.86253,485,232.8625
0,2019,107.93818,486,107.9382
0,2019,301.9985,487,301.9985
0,2019,291.25296,488,291.253
0,2019,126.796974,489,126.797
0,2019,143.69258,490,143.6926
0,2019,177.9103,491,177.9103
0,2019,188.49493,492,188.4949
0,2019,245.1777,493,245.1777
0,2019,230.8121,494,230.8121
0,2019,240.78905,495,240.7891
0,2019,160.2573,496,160.2573
0,2019,157.28883,497,157.2888
0,2019,63.05464,498,63.0546
0,2019,179.46667,499,179.4667
0,2019,266.95908,500,266.9591
0,2019,257.0706,501,257.0706
0,2019,194.94038,502,194.9404
0,2019,166.86285,503,166.8629
0,2019,110.69552,504,110.6955
0,2019,63.691673,505,63.6917
0,2019,69.15891,506,69.1589
0,2019,117.25939,507,117.2594
0,2019,133.97496,508,133.975
0,2019,89.11168,509,89.1117
0,2019,21.211248,510,21.2112
0,2019,12.127255,511,12.1273
0,2019,1.7415285,512,1.7415
0,2019,0.08126767,513,0.0813
0,2019,1.4748019,514,1.4748
0,2019,1.2924976,515,1.2925
0,2019,1.3042568,516,1.3043
0,2019,0.040705882,517,0.0407
0,2019,1.1077214,518,1.1077
0,2019,11.1928625,519,11.1929
0,2019,9.779354,520,9.7794
0,2019,3.1145742,521,3.1146
0,2019,0.4502101,522,0.4502
0,2019,0.000142446,523,0.0001
0,2019,0.09331936,524,0.0933
0,2019,1.4167179,525,1.4167
0,2019,21.778622,526,21.7786
0,2019,42.930473,527,42.9305
0,2019,2.601623,528,2.6016
0,2019,55.82694,529,55.8269
0,2019,23.11244,530,23.1124
0,2019,20.389486,531,20.3895
0,2019,29.877895,532,29.8779
0,2019,103.273926,533,103.2739
0,2019,41.352764,534,41.3528
0,2019,41.13616,535,41.1362
0,2019,82.70524,536,82.7052
0,2019,51.47632,537,51.4763
0,2019,9.361546,538,9.3615
0,2019,2.32681,539,2.3268
0,2019,21.877592,540,21.8776
0,2019,19.128565,541,19.1286
0,2019,0.08141635,542,0.0814
0,2019,19.04543,543,19.0454
0,2019,247.7192,544,247.7192
0,2019,245.4331,545,245.4331
0,2019,580.7312,546,580.7312
0,2019,400.48288,547,400.4829
0,2019,240.95349,548,240.9535
0,2019,176.34578,549,176.3458
0,2019,183.26987,550,183.2699
0,2019,200.8388,551,200.8388
0,2019,186.4084,552,186.4084
0,2019,223.31125,553,223.3113
0,2019,214.98184,554,214.9818
0,2019,263.03848,555,263.0385
0,2019,200.32127,556,200.3213
0,2019,156.29784,557,156.2978
0,2019,166.60147,558,166.6015
0,2019,261.00015,559,261.0002
0,2019,275.47263,560,275.4726
0,2019,235.79753,561,235.7975
0,2019,240.80605,562,240.8061
0,2019,121.367615,563,121.3676
0,2019,153.39775,564,153.3978
0,2019,120.42966,565,120.4297
0,2019,87.01485,566,87.0149
0,2019,119.50681,567,119.5068
0,2019,157.51437,568,157.5144
0,2019,86.62012,569,86.6201
0,2019,24.594995,570,24.595
0,2019,15.242889,571,15.2429
0,2019,5.170132,572,5.1701
0,2019,1.5374082,573,1.5374
0,2019,3.9385834,574,3.9386
0,2019,7.575747,575,7.5757
0,2019,1.9415971,576,1.9416
0,2019,1.781619,577,1.7816
0,2019,23.064077,578,23.0641
0,2019,11.671817,579,11.6718
0,2019,2.095662,580,2.0957
0,2019,1.7535412,581,1.7535
0,2019,8.392077,582,8.3921
0,2019,10.109162,583,10.1092
0,2019,0.22735904,584,0.2274
0,2019,2.084719,585,2.0847
0,2019,4.4398623,586,4.4399
0,2019,35.47562,587,35.4756
0,2019,33.249706,588,33.2497
0,2019,85.892204,589,85.8922
0,2019,91.23536,590,91.2354
0,2019,60.184593,591,60.1846
0,2019,40.009483,592,40.0095
0,2019,95.9927,593,95.9927
0,2019,41.086807,594,41.0868
0,2019,49.77016,595,49.7702
0,2019,159.69339,596,159.6934
0,2019,180.99493,597,180.9949
0,2019,49.388706,598,49.3887
0,2019,8.17984,599,8.1798
0,2019,64.44904,600,64.449
0,2019,6.376815,601,6.3768
0,2019,0.001292285,602,0.0013
0,2019,0.41565338,603,0.4157
0,2019,99.12299,604,99.123
0,2019,252.5103,605,252.5103
0,2019,462.02728,606,462.0273
0,2019,346.7441,607,346.7441
0,2019,200.93391,608,200.9339
0,2019,163.02554,609,163.0255
0,2019,123.806885,610,123.8069
0,2019,203.72932,611,203.7293
0,2019,191.70016,612,191.7002
0,2019,103.670685,613,103.6707
0,2019,139.81386,614,139.8139
0,2019,217.41739,615,217.4174
0,2019,210.1746,616,210.1746
0,2019,160.51022,617,160.5102
0,2019,237.94409,618,237.9441
0,2019,168.5952,619,168.5952
0,2019,167.1533,620,167.1533
0,2019,130.84117,621,130.8412
0,2019,200.43375,622,200.4338
0,2019,145.93608,623,145.9361
0,2019,151.3267,624,151.3267
0,2019,129.13678,625,129.1368
0,2019,47.98803,626,47.988
0,2019,90.61374,627,90.6137
0,2019,96.30477,628,96.3048
0,2019,78.93784,629,78.9378
0,2019,58.478565,630,58.4786
0,2019,34.349655,631,34.3497
0,2019,9.756838,632,9.7568
0,2019,20.795647,633,20.7956
0,2019,24.452717,634,24.4527
0,2019,4.5334597,635,4.5335
0,2019,16.175217,636,16.1752
0,2019,69.92176,637,69.9218
0,2019,6.1803465,638,6.1803
0,2019,30.996809,639,30.9968
0,2019,29.080864,640,29.0809
0,2019,14.3153305,641,14.3153
0,2019,24.967846,642,24.9678
0,2019,9.043884,643,9.0439
0,2019,36.681732,644,36.6817
0,2019,22.513422,645,22.5134
0,2019,8.032269,646,8.0323
0,2019,59.737732,647,59.7377
0,2019,11.545208,648,11.5452
0,2019,23.86887,649,23.8689
0,2019,33.076862,650,33.0769
0,2019,52.29638,651,52.2964
0,2019,42.784332,652,42.7843
0,2019,49.511387,653,49.5114
0,2019,15.128072,654,15.1281
0,2019,11.103875,655,11.1039
0,2019,7.551019,656,7.551
0,2019,0.27119732,657,0.2712
0,2019,56.942654,658,56.9427
0,2019,77.71093,659,77.7109
0,2019,17.68396,660,17.684
0,2019,0.62583625,661,0.6258
0,2019,0.4371057,662,0.4371
0,2019,0.96057683,663,0.9606
0,2019,10.430993,664,10.431
0,2019,17.061838,665,17.0618
0,2019,18.15986,666,18.1599
0,2019,2.862775,667,2.8628
0,2019,8.0278845,668,8.0279
0,2019,0.25356576,669,0.2536
0,2019,14.268593,670,14.2686
0,2019,116.0215,671,116.0215
0,2019,296.30032,672,296.3003
0,2019,358.486,673,358.486
0,2019,234.11734,674,234.1173
0,2019,221.6649,675,221.6649
0,2019,171.58176,676,171.5818
0,2019,105.11432,677,105.1143
0,2019,93.05043,678,93.0504
0,2019,121.271965,679,121.272
0,2019,90.49813,680,90.4981
0,2019,113.188835,681,113.1888
0,2019,77.42769,682,77.4277
0,2019,93.91976,683,93.9198
0,2019,164.16327,684,164.1633
0,2019,146.90633,685,146.9063
0,2019,165.63756,686,165.6376
0,2019,124.15129,687,124.1513
0,2019,142.47389,688,142.4739
0,2019,124.33607,689,124.3361
0,2019,194.42076,690,194.4208
0,2019,197.27492,691,197.2749
0,2019,51.21102,692,51.211
0,2019,53.731514,693,53.7315
0,2019,44.91258,694,44.9126
0,2019,89.95285,695,89.9529
0,2019,58.29543,696,58.2954
0,2019,98.13063,697,98.1306
0,2019,41.248257,698,41.2483
0,2019,53.817833,699,53.8178
0,2019,47.25578,700,47.2558
0,2019,11.85526,701,11.8553
0,2019,0.97419435,702,0.9742
0,2019,0.7507977,703,0.7508
0,2019,1.3380876,704,1.3381
0,2019,40.616756,705,40.6168
0,2019,36.71443,706,36.7144
0,2019,34.335186,707,34.3352
0,2019,29.921114,708,29.9211
0,2019,24.882912,709,24.8829
0,2019,14.268489,710,14.2685
0,2019,17.602657,711,17.6027
0,2019,62.76164,712,62.7616
0,2019,11.732681,713,11.7327
0,2019,1.3471259,714,1.3471
0,2019,12.836836,715,12.8368
0,2019,15.445246,716,15.4452
0,2019,9.621047,717,9.621
0,2019,5.12255,718,5.1226
0,2019,18.41677,719,18.4168
0,2019,56.34923,720,56.3492
0,2019,20.814213,721,20.8142
0,2019,3.880622,722,3.8806
0,2019,0.009607066,723,0.0096
0,2019,0.019327577,724,0.0193
0,2019,0.26697883,725,0.267
0,2019,3.056478,726,3.0565
0,2019,80.73904,727,80.739
0,2019,85.157684,728,85.1577
0,2019,55.703846,729,55.7038
0,2019,175.3565,730,175.3565
0,2019,144.67973,731,144.6797
0,2019,280.24042,732,280.2404
0,2019,249.47192,733,249.4719
0,2019,185.0007,734,185.0007
0,2019,240.11266,735,240.1127
0,2019,130.00046,736,130.0005
0,2019,139.72305,737,139.7231
0,2019,161.42322,738,161.4232
0,2019,38.96085,739,38.9609
0,2019,29.425613,740,29.4256
0,2019,199.38986,741,199.3899
0,2019,279.14883,742,279.1488
0,2019,235.26434,743,235.2643
0,2019,225.77422,744,225.7742
0,2019,178.74521,745,178.7452
0,2019,106.637726,746,106.6377
0,2019,122.535065,747,122.5351
0,2019,145.31242,748,145.3124
0,2019,127.06351,749,127.0635
0,2019,48.158897,750,48.1589
0,2019,43.053562,751,43.0536
0,2019,85.7011,752,85.7011
0,2019,154.31577,753,154.3158
0,2019,66.74423,754,66.7442
0,2019,133.18103,755,133.181
0,2019,98.128975,756,98.129
0,2019,179.5896,757,179.5896
0,2019,134.70908,758,134.7091
0,2019,113.980896,759,113.9809
0,2019,130.84198,760,130.842
0,2019,64.96462,761,64.9646
0,2019,44.88908,762,44.8891
0,2019,81.89453,763,81.8945
0,2019,99.334076,764,99.3341
0,2019,54.41627,765,54.4163
0,2019,58.921467,766,58.9215
0,2019,50.892853,767,50.8929
0,2019,100.50093,768,100.5009
0,2019,39.178116,769,39.1781
0,2019,12.249018,770,12.249
0,2019,28.685345,771,28.6853
0,2019,12.975858,772,12.9759
0,2019,0.005816075,773,0.0058
0,2019,4.68132,774,4.6813
0,2019,67.76059,775,67.7606
0,2019,37.324017,776,37.324
0,2019,11.756902,777,11.7569
0,2019,9.382407,778,9.3824
0,2019,2.2540855,779,2.2541
0,2019,12.140946,780,12.1409
0,2019,24.693016,781,24.693
0,2019,7.7168193,782,7.7168
0,2019,3.1429386,783,3.1429
0,2019,19.910313,784,19.9103
0,2019,8.336393,785,8.3364
0,2019,5.285968,786,5.286
0,2019,4.9000273,787,4.9
0,2019,15.898679,788,15.8987
0,2019,17.385572,789,17.3856
0,2019,2.6486363,790,2.6486
0,2019,0.682197,791,0.6822
0,2019,161.56647,792,161.5665
0,2019,695.70776,793,695.7078
0,2019,367.8063,794,367.8063
0,2019,200.64221,795,200.6422
0,2019,496.9086,796,496.9086
0,2019,382.561,797,382.561
0,2019,286.56793,798,286.5679
0,2019,317.52527,799,317.5253
0,2019,318.7597,800,318.7597
0,2019,249.85008,801,249.8501
0,2019,161.61662,802,161.6166
0,2019,319.85657,803,319.8566
0,2019,315.69586,804,315.6959
0,2019,120.570915,805,120.5709
0,2019,64.83549,806,64.8355
0,2019,153.1284,807,153.1284
0,2019,115.91027,808,115.9103
0,2019,188.70253,809,188.7025
0,2019,264.3404,810,264.3404
0,2019,201.80823,811,201.8082
0,2019,231.63881,812,231.6388
0,2019,130.17465,813,130.1747
0,2019,151.9568,814,151.9568
0,2019,106.53178,815,106.5318
0,2019,17.35527,816,17.3553
0,2019,1.1180106,817,1.118
0,2019,79.77937,818,79.7794
0,2019,161.36562,819,161.3656
0,2019,151.67323,820,151.6732
0,2019,112.243416,821,112.2434
0,2019,124.00653,822,124.0065
0,2019,162.69655,823,162.6966
0,2019,287.04138,824,287.0414
0,2019,158.96701,825,158.967
0,2019,61.61608,826,61.6161
0,2019,70.935524,827,70.9355
0,2019,97.36432,828,97.3643
0,2019,90.83112,829,90.8311
0,2019,59.290813,830,59.2908
0,2019,23.35298,831,23.353
0,2019,34.324516,832,34.3245
0,2019,93.05889,833,93.0589
0,2019,20.579622,834,20.5796
0,2019,12.685897,835,12.6859
0,2019,8.019415,836,8.0194
0,2019,14.455812,837,14.4558
0,2019,7.835361,838,7.8354
0,2019,0.019685164,839,0.0197
0,2019,2.2781954,840,2.2782
0,2019,19.519941,841,19.5199
0,2019,8.210578,842,8.2106
0,2019,12.750978,843,12.751
0,2019,47.82182,844,47.8218
0,2019,25.359324,845,25.3593
0,2019,41.02475,846,41.0248
0,2019,25.337252,847,25.3373
0,2019,8.620792,848,8.6208
0,2019,4.7047033,849,4.7047
0,2019,0.92188805,850,0.9219
0,2019,16.42967,851,16.4297
0,2019,0.65980524,852,0.6598
0,2019,0.8570524,853,0.8571
0,2019,59.18585,854,59.1859
0,2019,4.267919,855,4.2679
0,2019,12.195763,856,12.1958
0,2019,370.4603,857,370.4603
0,2019,758.3111,858,758.3111
0,2019,532.1267,859,532.1267
0,2019,518.90784,860,518.9078
0,2019,633.26794,861,633.2679
0,2019,604.87115,862,604.8712
0,2019,356.45444,863,356.4544
0,2019,372.35382,864,372.3538
0,2019,233.10588,865,233.1059
0,2019,323.07828,866,323.0783
0,2019,204.30035,867,204.3004
0,2019,148.97552,868,148.9755
0,2019,241.62701,869,241.627
0,2019,188.74374,870,188.7437
0,2019,227.96931,871,227.9693
0,2019,132.42027,872,132.4203
0,2019,56.688595,873,56.6886
0,2019,162.11,874,162.11
0,2019,217.22633,875,217.2263
0,2019,325.27063,876,325.2706
0,2019,226.30118,877,226.3012
0,2019,169.47052,878,169.4705
0,2019,199.5709,879,199.5709
0,2019,118.89435,880,118.8944
0,2019,41.668808,881,41.6688
0,2019,38.092457,882,38.0925
0,2019,152.52948,883,152.5295
0,2019,209.4676,884,209.4676
0,2019,190.0057,885,190.0057
0,2019,179.59286,886,179.5929
0,2019,139.49567,887,139.4957
0,2019,142.13062,888,142.1306
0,2019,201.70403,889,201.704
0,2019,155.77019,890,155.7702
0,2019,87.12387,891,87.1239
0,2019,97.878944,892,97.8789
0,2019,109.96888,893,109.9689
0,2019,108.36935,894,108.3694
0,2019,123.55826,895,123.5583
0,2019,106.02709,896,106.0271
0,2019,85.6293,897,85.6293
0,2019,65.36261,898,65.3626
0,2019,9.363112,899,9.3631
0,2019,0.5928044,900,0.5928
0,2019,3.4375362,901,3.4375
0,2019,3.958948,902,3.9589
0,2019,1.1078651,903,1.1079
0,2019,0.01595786,904,0.016
0,2019,5.836308,905,5.8363
0,2019,49.898888,906,49.8989
0,2019,99.58213,907,99.5821
0,2019,115.96705,908,115.9671
0,2019,152.04533,909,152.0453
0,2019,50.298584,910,50.2986
0,2019,38.774124,911,38.7741
0,2019,19.934498,912,19.9345
0,2019,25.761705,913,25.7617
0,2019,0.89812803,914,0.8981
0,2019,0.12922458,915,0.1292
0,2019,5.892843,916,5.8928
0,2019,0.9433132,917,0.9433
0,2019,10.253773,918,10.2538
0,2019,291.71204,919,291.712
0,2019,429.74258,920,429.7426
0,2019,585.3497,921,585.3497
0,2019,542.93066,922,542.9307
0,2019,516.2437,923,516.2437
0,2019,343.8886,924,343.8886
0,2019,143.96957,925,143.9696
0,2019,177.94621,926,177.9462
0,2019,183.621,927,183.621
0,2019,175.30783,928,175.3078
0,2019,531.9207,929,531.9207
0,2019,422.5992,930,422.5992
0,2019,275.3412,931,275.3412
0,2019,362.1694,932,362.1694
0,2019,125.83619,933,125.8362
0,2019,338.06207,934,338.0621
0,2019,158.79945,935,158.7995
0,2019,149.56383,936,149.5638
0,2019,110.09474,937,110.0947
0,2019,148.8704,938,148.8704
0,2019,226.56479,939,226.5648
0,2019,232.1564,940,232.1564
0,2019,211.92992,941,211.9299
0,2019,264.0605,942,264.0605
0,2019,139.96843,943,139.9684
0,2019,135.25304,944,135.253
0,2019,153.61098,945,153.611
0,2019,183.09366,946,183.0937
0,2019,184.13318,947,184.1332
0,2019,174.47572,948,174.4757
0,2019,275.82724,949,275.8272
0,2019,150.16702,950,150.167
0,2019,201.25092,951,201.2509
0,2019,153.76253,952,153.7625
0,2019,127.92388,953,127.9239
0,2019,156.80077,954,156.8008
0,2019,99.759544,955,99.7595
0,2019,80.94358,956,80.9436
0,2019,56.70947,957,56.7095
0,2019,92.96932,958,92.9693
0,2019,78.556786,959,78.5568
0,2019,80.05872,960,80.0587
0,2019,41.560993,961,41.561
0,2019,27.157166,962,27.1572
0,2019,11.313804,963,11.3138
0,2019,5.2782655,964,5.2783
0,2019,1.3712858,965,1.3713
0,2019,9.978653,966,9.9787
0,2019,7.294524,967,7.2945
0,2019,7.6951814,968,7.6952
0,2019,0.012698015,969,0.0127
0,2019,1.9281641,970,1.9282
0,2019,11.42107,971,11.4211
0,2019,24.063406,972,24.0634
0,2019,54.687386,973,54.6874
0,2019,36.47295,974,36.473
0,2019,14.26157,975,14.2616
0,2019,9.655258,976,9.6553
0,2019,4.2545433,977,4.2545
0,2019,0.012707075,978,0.0127
0,2019,2.3332033,979,2.3332
0,2019,271.30817,980,271.3082
0,2019,762.8361,981,762.8361
0,2019,464.9784,982,464.9784
0,2019,555.6603,983,555.6603
0,2019,301.6486,984,301.6486
0,2019,97.634155,985,97.6342
0,2019,111.01333,986,111.0133
0,2019,242.54901,987,242.549
0,2019,195.15532,988,195.1553
0,2019,108.07744,989,108.0774
0,2019,229.93419,990,229.9342
0,2019,342.34943,991,342.3494
0,2019,170.5196,992,170.5196
0,2019,183.23672,993,183.2367
0,2019,227.1837,994,227.1837
0,2019,210.74985,995,210.7499
0,2019,314.0211,996,314.0211
0,2019,114.405624,997,114.4056
0,2019,328.29623,998,328.2962
0,2019,202.98541,999,202.9854
0,2019,33.161823,1000,33.1618
0,2019,229.63087,1001,229.6309
0,2019,274.50522,1002,274.5052
0,2019,308.7393,1003,308.7393
0,2019,166.59804,1004,166.598
0,2019,182.99681,1005,182.9968
0,2019,162.99246,1006,162.9925
0,2019,133.5201,1007,133.5201
0,2019,151.01599,1008,151.016
0,2019,161.06259,1009,161.0626
0,2019,217.6455,1010,217.6455
0,2019,185.50223,1011,185.5022
0,2019,169.01976,1012,169.0198
0,2019,238.02695,1013,238.027
0,2019,219.48264,1014,219.4826
0,2019,188.66666,1015,188.6667
0,2019,186.00513,1016,186.0051
0,2019,67.8218,1017,67.8218
0,2019,111.95489,1018,111.9549
0,2019,59.07313,1019,59.0731
0,2019,105.07141,1020,105.0714
0,2019,70.16878,1021,70.1688
0,2019,75.59241,1022,75.5924
0,2019,34.411545,1023,34.4115
0,2019,35.918373,1024,35.9184
0,2019,18.90286,1025,18.9029
0,2019,9.519824,1026,9.5198
0,2019,7.253891,1027,7.2539
0,2019,14.285777,1028,14.2858
0,2019,13.62218,1029,13.6222
0,2019,7.792102,1030,7.7921
0,2019,0.0035064,1031,0.0035
0,2019,0.04140168,1032,0.0414
0,2019,44.553246,1033,44.5532
0,2019,69.72465,1034,69.7247
0,2019,162.37173,1035,162.3717
0,2019,474.37958,1036,474.3796
0,2019,552.9208,1037,552.9208
0,2019,379.51685,1038,379.5169
0,2019,461.15607,1039,461.1561
0,2019,312.43076,1040,312.4308
0,2019,56.520504,1041,56.5205
0,2019,139.4555,1042,139.4555
0,2019,98.006744,1043,98.0067
0,2019,135.38792,1044,135.3879
0,2019,145.62361,1045,145.6236
0,2019,129.1972,1046,129.1972
0,2019,184.63199,1047,184.632
0,2019,174.86598,1048,174.866
0,2019,273.0077,1049,273.0077
0,2019,156.2689,1050,156.2689
0,2019,374.05856,1051,374.0586
0,2019,138.13695,1052,138.137
0,2019,261.5017,1053,261.5017
0,2019,188.848,1054,188.848
0,2019,22.362234,1055,22.3622
0,2019,81.95088,1056,81.9509
0,2019,128.87262,1057,128.8726
0,2019,103.02355,1058,103.0236
0,2019,214.29094,1059,214.2909
0,2019,189.45052,1060,189.4505
0,2019,140.5476,1061,140.5476
0,2019,116.43228,1062,116.4323
0,2019,153.95615,1063,153.9562
0,2019,202.45421,1064,202.4542
0,2019,121.34176,1065,121.3418
0,2019,186.1888,1066,186.1888
0,2019,190.9175,1067,190.9175
0,2019,176.3252,1068,176.3252
0,2019,144.37354,1069,144.3735
0,2019,149.48851,1070,149.4885
0,2019,298.37808,1071,298.3781
0,2019,161.60211,1072,161.6021
0,2019,132.967,1073,132.967
0,2019,81.520164,1074,81.5202
0,2019,46.706764,1075,46.7068
0,2019,66.08039,1076,66.0804
0,2019,88.89584,1077,88.8958
0,2019,31.549482,1078,31.5495
0,2019,17.84581,1079,17.8458
0,2019,16.435736,1080,16.4357
0,2019,17.527699,1081,17.5277
0,2019,26.314949,1082,26.3149
0,2019,11.073444,1083,11.0734
0,2019,5.5859127,1084,5.5859
0,2019,1.6418021,1085,1.6418
0,2019,25.824574,1086,25.8246
0,2019,268.49686,1087,268.4969
0,2019,411.82968,1088,411.8297
0,2019,446.62424,1089,446.6242
0,2019,612.18024,1090,612.1802
0,2019,359.42667,1091,359.4267
0,2019,374.8896,1092,374.8896
0,2019,406.58362,1093,406.5836
0,2019,350.51416,1094,350.5142
0,2019,180.35423,1095,180.3542
0,2019,176.83794,1096,176.8379
0,2019,175.07942,1097,175.0794
0,2019,236.12508,1098,236.1251
0,2019,197.71077,1099,197.7108
0,2019,342.42575,1100,342.4258
0,2019,200.45056,1101,200.4506
0,2019,160.36082,1102,160.3608
0,2019,271.855,1103,271.855
0,2019,276.56592,1104,276.5659
0,2019,69.93441,1105,69.9344
0,2019,128.87895,1106,128.879
0,2019,230.08636,1107,230.0864
0,2019,349.85,1108,349.85
0,2019,65.35991,1109,65.3599
0,2019,69.71088,1110,69.7109
0,2019,135.18954,1111,135.1895
0,2019,181.01445,1112,181.0145
0,2019,200.35443,1113,200.3544
0,2019,253.24672,1114,253.2467
0,2019,156.31436,1115,156.3144
0,2019,152.95596,1116,152.956
0,2019,194.65791,1117,194.6579
0,2019,163.90955,1118,163.9096
0,2019,197.39128,1119,197.3913
0,2019,185.9038,1120,185.9038
0,2019,219.10744,1121,219.1074
0,2019,234.67459,1122,234.6746
0,2019,221.8628,1123,221.8628
0,2019,131.7345,1124,131.7345
0,2019,213.24457,1125,213.2446
0,2019,146.72836,1126,146.7284
0,2019,137.39142,1127,137.3914
0,2019,91.78885,1128,91.7889
0,2019,89.39173,1129,89.3917
0,2019,69.43492,1130,69.4349
0,2019,92.78202,1131,92.782
0,2019,31.79581,1132,31.7958
0,2019,22.387054,1133,22.3871
0,2019,27.486195,1134,27.4862
0,2019,15.890135,1135,15.8901
0,2019,9.25959,1136,9.2596
0,2019,7.562148,1137,7.5621
0,2019,1.7900215,1138,1.79
0,2019,0.021568824,1139,0.0216
0,2019,33.35927,1140,33.3593
0,2019,325.8076,1141,325.8076
0,2019,627.42413,1142,627.4241
0,2019,632.0431,1143,632.0431
0,2019,384.31534,1144,384.3153
0,2019,477.43192,1145,477.4319
0,2019,439.41827,1146,439.4183
0,2019,535.31384,1147,535.3138
0,2019,459.04483,1148,459.0448
0,2019,384.7446,1149,384.7446
0,2019,128.6345,1150,128.6345
0,2019,210.21495,1151,210.215
0,2019,162.50102,1152,162.501
0,2019,178.3031,1153,178.3031
0,2019,158.56786,1154,158.5679
0,2019,221.16534,1155,221.1653
0,2019,188.15144,1156,188.1514
0,2019,171.05383,1157,171.0538
0,2019,215.40652,1158,215.4065
0,2019,300.3515,1159,300.3515
0,2019,212.50417,1160,212.5042
0,2019,295.43738,1161,295.4374
0,2019,131.59267,1162,131.5927
0,2019,166.55215,1163,166.5522
0,2019,80.04748,1164,80.0475
0,2019,106.79872,1165,106.7987
0,2019,148.48537,1166,148.4854
0,2019,158.11118,1167,158.1112
0,2019,233.0472,1168,233.0472
0,2019,251.77776,1169,251.7778
0,2019,189.50906,1170,189.5091
0,2019,154.708,1171,154.708
0,2019,216.57162,1172,216.5716
0,2019,269.42813,1173,269.4281
0,2019,197.59013,1174,197.5901
0,2019,100.34485,1175,100.3449
0,2019,212.13446,1176,212.1345
0,2019,219.17688,1177,219.1769
0,2019,209.22104,1178,209.221
0,2019,482.70755,1179,482.7076
0,2019,245.35611,1180,245.3561
0,2019,189.0725,1181,189.0725
0,2019,84.449326,1182,84.4493
0,2019,113.33819,1183,113.3382
0,2019,115.30082,1184,115.3008
0,2019,85.17399,1185,85.174
0,2019,148.99074,1186,148.9907
0,2019,34.87344,1187,34.8734
0,2019,19.99567,1188,19.9957
0,2019,26.262928,1189,26.2629
0,2019,5.38604,1190,5.386
0,2019,3.000629,1191,3.0006
0,2019,0.26499122,1192,0.265
0,2019,0.5496108,1193,0.5496
0,2019,13.877482,1194,13.8775
0,2019,37.553005,1195,37.553
0,2019,327.1255,1196,327.1255
0,2019,568.5891,1197,568.5891
0,2019,476.9152,1198,476.9152
0,2019,336.1745,1199,336.1745
0,2019,376.10318,1200,376.1032
0,2019,424.28738,1201,424.2874
0,2019,357.6792,1202,357.6792
0,2019,410.78683,1203,410.7868
0,2019,444.44177,1204,444.4418
0,2019,325.20187,1205,325.2019
0,2019,155.86992,1206,155.8699
0,2019,51.473286,1207,51.4733
0,2019,49.167664,1208,49.1677
0,2019,115.27985,1209,115.2799
0,2019,190.09741,1210,190.0974
0,2019,153.95251,1211,153.9525
0,2019,266.4949,1212,266.4949
0,2019,230.43091,1213,230.4309
0,2019,321.7454,1214,321.7454
0,2019,471.57816,1215,471.5782
0,2019,429.60703,1216,429.607
0,2019,272.65936,1217,272.6594
0,2019,52.53862,1218,52.5386
0,2019,82.63223,1219,82.6322
0,2019,22.65748,1220,22.6575
0,2019,21.618505,1221,21.6185
0,2019,99.24781,1222,99.2478
0,2019,185.66946,1223,185.6695
0,2019,211.23593,1224,211.2359
0,2019,322.73038,1225,322.7304
0,2019,156.61917,1226,156.6192
0,2019,211.12193,1227,211.1219
0,2019,182.99054,1228,182.9905
0,2019,221.43439,1229,221.4344
0,2019,210.28963,1230,210.2896
0,2019,191.37091,1231,191.3709
0,2019,315.6024,1232,315.6024
0,2019,173.34541,1233,173.3454
0,2019,351.54846,1234,351.5485
0,2019,237.89627,1235,237.8963
0,2019,124.05743,1236,124.0574
0,2019,154.85515,1237,154.8552
0,2019,53.272247,1238,53.2722
0,2019,81.011635,1239,81.0116
0,2019,109.61567,1240,109.6157
0,2019,175.27934,1241,175.2793
0,2019,175.85248,1242,175.8525
0,2019,10.63134,1243,10.6313
0,2019,13.830263,1244,13.8303
0,2019,19.519009,1245,19.519
0,2019,4.7434263,1246,4.7434
0,2019,1.7959545,1247,1.796
0,2019,1.8216643,1248,1.8217
0,2019,0.1894598,1249,0.1895
0,2019,2.0219533,1250,2.022
0,2019,0.75059676,1251,0.7506
0,2019,8.814474,1252,8.8145
0,2019,118.88144,1253,118.8814
0,2019,209.14708,1254,209.1471
0,2019,470.5711,1255,470.5711
0,2019,453.23993,1256,453.2399
0,2019,591.2473,1257,591.2473
0,2019,650.8796,1258,650.8796
0,2019,481.904,1259,481.904
0,2019,522.80493,1260,522.8049
0,2019,312.0491,1261,312.0491
0,2019,460.59244,1262,460.5924
0,2019,432.25244,1263,432.2524
0,2019,370.93454,1264,370.9345
0,2019,186.83855,1265,186.8386
0,2019,39.951145,1266,39.9511
0,2019,127.46486,1267,127.4649
0,2019,303.50342,1268,303.5034
0,2019,136.41577,1269,136.4158
0,2019,247.2742,1270,247.2742
0,2019,327.9795,1271,327.9795
0,2019,344.24707,1272,344.2471
0,2019,376.63492,1273,376.6349
0,2019,447.9202,1274,447.9202
0,2019,297.94284,1275,297.9428
0,2019,140.85112,1276,140.8511
0,2019,44.281864,1277,44.2819
0,2019,34.61648,1278,34.6165
0,2019,3.1939352,1279,3.1939
0,2019,84.45929,1280,84.4593
0,2019,107.796745,1281,107.7967
0,2019,70.925896,1282,70.9259
0,2019,56.586105,1283,56.5861
0,2019,155.76097,1284,155.761
0,2019,207.5329,1285,207.5329
0,2019,242.88977,1286,242.8898
0,2019,356.8474,1287,356.8474
0,2019,387.6345,1288,387.6345
0,2019,362.43912,1289,362.4391
0,2019,380.0677,1290,380.0677
0,2019,316.68298,1291,316.683
0,2019,102.47466,1292,102.4747
0,2019,161.22868,1293,161.2287
0,2019,22.426283,1294,22.4263
0,2019,86.00541,1295,86.0054
0,2019,141.4298,1296,141.4298
0,2019,58.093613,1297,58.0936
0,2019,18.977003,1298,18.977
0,2019,12.161156,1299,12.1612
0,2019,124.22113,1300,124.2211
0,2019,382.6671,1301,382.6671
0,2019,257.12036,1302,257.1204
0,2019,134.31444,1303,134.3144
0,2019,29.169216,1304,29.1692
0,2019,36.179676,1305,36.1797
0,2019,2.3938894,1306,2.3939
0,2019,25.77574,1307,25.7757
0,2019,21.771692,1308,21.7717
0,2019,0.2965823,1309,0.2966
0,2019,0.023514485,1310,0.0235
0,2019,0.45158818,1311,0.4516
0,2019,5.8780017,1312,5.878
0,2019,8.024681,1313,8.0247
0,2019,1.8722898,1314,1.8723
0,2019,3.487401,1315,3.4874
0,2019,0.5745263,1316,0.5745
0,2019,11.048093,1317,11.0481
0,2019,46.97591,1318,46.9759
0,2019,194.03885,1319,194.0389
0,2019,689.61,1320,689.61
0,2019,729.2059,1321,729.2059
0,2019,924.9735,1322,924.9735
0,2019,487.5699,1323,487.5699
0,2019,548.2674,1324,548.2674
0,2019,432.14014,1325,432.1401
0,2019,731.8967,1326,731.8967
0,2019,561.93536,1327,561.9354
0,2019,439.02805,1328,439.0281
0,2019,161.06612,1329,161.0661
0,2019,193.1747,1330,193.1747
0,2019,379.31015,1331,379.3102
0,2019,241.13449,1332,241.1345
0,2019,61.881527,1333,61.8815
0,2019,267.36118,1334,267.3612
0,2019,223.92908,1335,223.9291
0,2019,173.23514,1336,173.2351
0,2019,169.77325,1337,169.7733
0,2019,216.16054,1338,216.1605
0,2019,268.8928,1339,268.8928
0,2019,343.72827,1340,343.7283
0,2019,533.6886,1341,533.6886
0,2019,341.31503,1342,341.315
0,2019,217.37924,1343,217.3792
0,2019,105.16414,1344,105.1641
0,2019,21.516356,1345,21.5164
0,2019,214.44217,1346,214.4422
0,2019,74.416245,1347,74.4162
0,2019,29.37352,1348,29.3735
0,2019,13.082744,1349,13.0827
0,2019,101.01919,1350,101.0192
0,2019,65.30265,1351,65.3027
0,2019,95.09007,1352,95.0901
0,2019,343.80463,1353,343.8046
0,2019,323.10635,1354,323.1064
0,2019,265.18817,1355,265.1882
0,2019,319.3544,1356,319.3544
0,2019,361.08725,1357,361.0873
0,2019,204.15208,1358,204.1521
0,2019,56.030834,1359,56.0308
0,2019,29.015656,1360,29.0157
0,2019,78.57417,1361,78.5742
0,2019,101.98632,1362,101.9863
0,2019,68.04311,1363,68.0431
0,2019,88.55719,1364,88.5572
0,2019,38.91775,1365,38.9178
0,2019,131.89612,1366,131.8961
0,2019,359.75552,1367,359.7555
0,2019,245.33171,1368,245.3317
0,2019,180.93427,1369,180.9343
0,2019,6.6439114,1370,6.6439
0,2019,8.899733,1371,8.8997
0,2019,2.2447932,1372,2.2448
0,2019,8.112628,1373,8.1126
0,2019,4.1448812,1374,4.1449
0,2019,1.0116059,1375,1.0116
0,2019,34.318565,1376,34.3186
0,2019,37.654545,1377,37.6545
0,2019,102.67961,1378,102.6796
0,2019,75.97132,1379,75.9713
0,2019,23.490957,1380,23.491
0,2019,10.947409,1381,10.9474
0,2019,17.308012,1382,17.308
0,2019,64.52211,1383,64.5221
0,2019,287.67343,1384,287.6734
0,2019,277.60867,1385,277.6087
0,2019,287.93118,1386,287.9312
0,2019,350.26968,1387,350.2697
0,2019,326.32623,1388,326.3262
0,2019,467.8018,1389,467.8018
0,2019,440.33282,1390,440.3328
0,2019,516.2952,1391,516.2952
0,2019,474.30753,1392,474.3075
0,2019,323.54486,1393,323.5449
0,2019,93.25364,1394,93.2536
0,2019,147.56978,1395,147.5698
0,2019,195.71667,1396,195.7167
0,2019,414.5666,1397,414.5666
0,2019,497.72076,1398,497.7208
0,2019,239.61292,1399,239.6129
0,2019,170.05325,1400,170.0533
0,2019,233.83289,1401,233.8329
0,2019,254.45676,1402,254.4568
0,2019,143.66602,1403,143.666
0,2019,397.38998,1404,397.39
0,2019,274.80606,1405,274.8061
0,2019,273.97488,1406,273.9749
0,2019,529.00085,1407,529.0009
0,2019,336.61905,1408,336.6191
0,2019,311.82773,1409,311.8277
0,2019,256.922,1410,256.922
0,2019,124.575714,1411,124.5757
0,2019,186.98036,1412,186.9804
0,2019,64.00607,1413,64.0061
0,2019,15.173074,1414,15.1731
0,2019,0.9007442,1415,0.9007
0,2019,1.3059939,1416,1.306
0,2019,1.239849,1417,1.2398
0,2019,49.7001,1418,49.7001
0,2019,42.55511,1419,42.5551
0,2019,145.8699,1420,145.8699
0,2019,158.77383,1421,158.7738
0,2019,218.76488,1422,218.7649
0,2019,224.95712,1423,224.9571
0,2019,465.5494,1424,465.5494
0,2019,162.60854,1425,162.6085
0,2019,138.77037,1426,138.7704
0,2019,215.74365,1427,215.7437
0,2019,247.57794,1428,247.5779
0,2019,163.32848,1429,163.3285
0,2019,229.15381,1430,229.1538
0,2019,256.20883,1431,256.2088
0,2019,262.86862,1432,262.8686
0,2019,287.34262,1433,287.3426
0,2019,374.94876,1434,374.9488
0,2019,113.10159,1435,113.1016
0,2019,31.479118,1436,31.4791
0,2019,17.64586,1437,17.6459
0,2019,2.212981,1438,2.213
0,2019,63.656498,1439,63.6565
0,2019,125.12329,1440,125.1233
0,2019,205.36964,1441,205.3696
0,2019,152.8708,1442,152.8708
0,2019,190.62642,1443,190.6264
0,2019,110.66551,1444,110.6655
0,2019,43.7617,1445,43.7617
0,2019,41.66199,1446,41.662
0,2019,124.76677,1447,124.7668
0,2019,153.69258,1448,153.6926
0,2019,165.40892,1449,165.4089
0,2019,134.75668,1450,134.7567
0,2019,102.831505,1451,102.8315
0,2019,220.87885,1452,220.8789
0,2019,305.0944,1453,305.0944
0,2019,507.25275,1454,507.2528
0,2019,347.31677,1455,347.3168
0,2019,341.01053,1456,341.0105
0,2019,363.3278,1457,363.3278
0,2019,306.1955,1458,306.1955
0,2019,203.94893,1459,203.9489
0,2019,326.7242,1460,326.7242
0,2019,579.00604,1461,579.006
0,2019,329.39374,1462,329.3937
0,2019,359.7738,1463,359.7738
0,2019,265.9348,1464,265.9348
0,2019,153.79512,1465,153.7951
0,2019,343.71268,1466,343.7127
0,2019,410.39203,1467,410.392
0,2019,269.62167,1468,269.6217
0,2019,283.76242,1469,283.7624
0,2019,359.1501,1470,359.1501
0,2019,297.67615,1471,297.6762
0,2019,367.57657,1472,367.5766
0,2019,321.36148,1473,321.3615
0,2019,486.11646,1474,486.1165
0,2019,229.85834,1475,229.8583
0,2019,60.472454,1476,60.4725
0,2019,9.81221,1477,9.8122
0,2019,157.73837,1478,157.7384
0,2019,143.15125,1479,143.1513
0,2019,109.95902,1480,109.959
0,2019,236.00313,1481,236.0031
0,2019,454.00684,1482,454.0068
0,2019,429.44937,1483,429.4494
0,2019,381.1805,1484,381.1805
0,2019,173.7149,1485,173.7149
0,2019,241.42038,1486,241.4204
0,2019,233.9684,1487,233.9684
0,2019,319.33197,1488,319.332
0,2019,269.42456,1489,269.4246
0,2019,283.08096,1490,283.081
0,2019,316.20358,1491,316.2036
0,2019,288.53217,1492,288.5322
0,2019,263.60065,1493,263.6007
0,2019,224.85239,1494,224.8524
0,2019,225.47295,1495,225.473
0,2019,188.29099,1496,188.291
0,2019,66.678345,1497,66.6783
0,2019,0.053279225,1498,0.0533
0,2019,0.14052206,1499,0.1405
0,2019,40.21383,1500,40.2138
0,2019,187.40994,1501,187.4099
0,2019,80.96376,1502,80.9638
0,2019,118.46774,1503,118.4677
0,2019,196.70761,1504,196.7076
0,2019,127.025955,1505,127.026
0,2019,98.59886,1506,98.5989
0,2019,65.61704,1507,65.617
0,2019,75.51486,1508,75.5149
0,2019,44.798298,1509,44.7983
0,2019,109.7512,1510,109.7512
0,2019,261.54428,1511,261.5443
0,2019,606.90875,1512,606.9088
0,2019,274.5568,1513,274.5568
0,2019,457.38882,1514,457.3888
0,2019,682.6756,1515,682.6756
0,2019,551.617,1516,551.617
0,2019,430.4205,1517,430.4205
0,2019,352.55618,1518,352.5562
0,2019,312.78827,1519,312.7883
0,2019,464.7008,1520,464.7008
0,2019,415.11328,1521,415.1133
0,2019,480.37454,1522,480.3745
0,2019,484.62845,1523,484.6285
0,2019,275.08917,1524,275.0892
0,2019,301.8631,1525,301.8631
0,2019,205.2031,1526,205.2031
0,2019,90.74549,1527,90.7455
0,2019,176.1407,1528,176.1407
0,2019,247.36618,1529,247.3662
0,2019,387.90216,1530,387.9022
0,2019,536.4051,1531,536.4051
0,2019,367.37222,1532,367.3722
0,2019,192.56676,1533,192.5668
0,2019,126.282364,1534,126.2824
0,2019,220.94469,1535,220.9447
0,2019,148.45833,1536,148.4583
0,2019,25.556553,1537,25.5566
0,2019,6.271734,1538,6.2717
0,2019,137.5052,1539,137.5052
0,2019,108.83688,1540,108.8369
0,2019,263.24808,1541,263.2481
0,2019,267.03055,1542,267.0306
0,2019,342.88104,1543,342.881
0,2019,318.44992,1544,318.4499
0,2019,249.35974,1545,249.3597
0,2019,272.64017,1546,272.6402
0,2019,308.25897,1547,308.259
0,2019,343.65472,1548,343.6547
0,2019,383.8642,1549,383.8642
0,2019,216.44202,1550,216.442
0,2019,161.57312,1551,161.5731
0,2019,142.29112,1552,142.2911
0,2019,201.0348,1553,201.0348
0,2019,235.09029,1554,235.0903
0,2019,172.11494,1555,172.1149
0,2019,75.14877,1556,75.1488
0,2019,70.30554,1557,70.3055
0,2019,9.26224,1558,9.2622
0,2019,2.4758618,1559,2.4759
0,2019,0.11987292,1560,0.1199
0,2019,58.32147,1561,58.3215
0,2019,183.26588,1562,183.2659
0,2019,129.19763,1563,129.1976
0,2019,192.36179,1564,192.3618
0,2019,149.89359,1565,149.8936
0,2019,108.41526,1566,108.4153
0,2019,90.68895,1567,90.689
0,2019,75.31165,1568,75.3117
0,2019,308.16953,1569,308.1695
0,2019,410.9524,1570,410.9524
0,2019,338.0961,1571,338.0961
0,2019,288.1453,1572,288.1453
0,2019,119.24531,1573,119.2453
0,2019,98.04993,1574,98.0499
0,2019,470.4649,1575,470.4649
0,2019,527.03503,1576,527.035
0,2019,267.51624,1577,267.5162
0,2019,532.8408,1578,532.8408
0,2019,444.47122,1579,444.4712
0,2019,432.3347,1580,432.3347
0,2019,1638.338,1581,1638.338
0,2019,499.3295,1582,499.3295
0,2019,480.47412,1583,480.4741
0,2019,606.4664,1584,606.4664
0,2019,279.13284,1585,279.1328
0,2019,281.55734,1586,281.5573
0,2019,134.50154,1587,134.5015
0,2019,220.97351,1588,220.9735
0,2019,186.59622,1589,186.5962
0,2019,494.30673,1590,494.3067
0,2019,412.15964,1591,412.1596
0,2019,221.01335,1592,221.0134
0,2019,359.114,1593,359.114
0,2019,342.8184,1594,342.8184
0,2019,97.72257,1595,97.7226
0,2019,14.082882,1596,14.0829
0,2019,23.37111,1597,23.3711
0,2019,4.125454,1598,4.1255
0,2019,28.290518,1599,28.2905
0,2019,251.19427,1600,251.1943
0,2019,110.71789,1601,110.7179
0,2019,137.00418,1602,137.0042
0,2019,277.3257,1603,277.3257
0,2019,368.45697,1604,368.457
0,2019,279.66666,1605,279.6667
0,2019,307.29276,1606,307.2928
0,2019,501.5706,1607,501.5706
0,2019,531.73425,1608,531.7343
0,2019,330.00888,1609,330.0089
0,2019,133.49773,1610,133.4977
0,2019,130.89308,1611,130.8931
0,2019,167.3244,1612,167.3244
0,2019,168.01192,1613,168.0119
0,2019,152.95712,1614,152.9571
0,2019,56.22205,1615,56.2221
0,2019,0.1325173,1616,0.1325
0,2019,0.04145787,1617,0.0415
0,2019,0.96373963,1618,0.9637
0,2019,0.146723,1619,0.1467
0,2019,8.371757,1620,8.3718
0,2019,96.2575,1621,96.2575
0,2019,139.32326,1622,139.3233
0,2019,225.74945,1623,225.7495
0,2019,142.1716,1624,142.1716
0,2019,89.193695,1625,89.1937
0,2019,124.8128,1626,124.8128
0,2019,218.32884,1627,218.3288
0,2019,292.70642,1628,292.7064
0,2019,756.6508,1629,756.6508
0,2019,557.26245,1630,557.2625
0,2019,485.20648,1631,485.2065
0,2019,285.3708,1632,285.3708
0,2019,244.77866,1633,244.7787
0,2019,602.6058,1634,602.6058
0,2019,509.2379,1635,509.2379
0,2019,409.23215,1636,409.2322
0,2019,409.143,1637,409.143
0,2019,409.2912,1638,409.2912
0,2019,377.84323,1639,377.8432
0,2019,692.3673,1640,692.3673
0,2019,658.93994,1641,658.9399
0,2019,609.3209,1642,609.3209
0,2019,428.78802,1643,428.788
0,2019,480.9048,1644,480.9048
0,2019,306.9039,1645,306.9039
0,2019,179.00235,1646,179.0024
0,2019,144.29527,1647,144.2953
0,2019,312.86,1648,312.86
0,2019,312.49826,1649,312.4983
0,2019,380.94897,1650,380.949
0,2019,385.1069,1651,385.1069
0,2019,496.52405,1652,496.5241
0,2019,396.8366,1653,396.8366
0,2019,239.14043,1654,239.1404
0,2019,31.921543,1655,31.9215
0,2019,51.602505,1656,51.6025
0,2019,10.780722,1657,10.7807
0,2019,3.4621773,1658,3.4622
0,2019,69.64084,1659,69.6408
0,2019,237.87479,1660,237.8748
0,2019,331.37912,1661,331.3791
0,2019,325.14465,1662,325.1447
0,2019,256.82684,1663,256.8268
0,2019,220.7494,1664,220.7494
0,2019,341.5914,1665,341.5914
0,2019,237.69525,1666,237.6953
0,2019,278.30524,1667,278.3052
0,2019,244.75262,1668,244.7526
0,2019,186.14285,1669,186.1429
0,2019,223.2773,1670,223.2773
0,2019,110.22549,1671,110.2255
0,2019,144.0588,1672,144.0588
0,2019,40.83123,1673,40.8312
0,2019,6.056001,1674,6.056
0,2019,0.6437137,1675,0.6437
0,2019,12.240381,1676,12.2404
0,2019,51.128593,1677,51.1286
0,2019,132.41666,1678,132.4167
0,2019,170.14223,1679,170.1422
0,2019,81.289406,1680,81.2894
0,2019,17.811483,1681,17.8115
0,2019,104.35968,1682,104.3597
0,2019,231.75305,1683,231.7531
0,2019,187.67178,1684,187.6718
0,2019,190.26077,1685,190.2608
0,2019,342.63055,1686,342.6306
0,2019,499.55576,1687,499.5558
0,2019,406.47614,1688,406.4761
0,2019,379.84018,1689,379.8402
0,2019,1329.7725,1690,1329.7725
0,2019,244.42735,1691,244.4274
0,2019,500.42438,1692,500.4244
0,2019,496.19797,1693,496.198
0,2019,573.4216,1694,573.4216
0,2019,433.6431,1695,433.6431
0,2019,817.3621,1696,817.3621
0,2019,537.7411,1697,537.7411
0,2019,197.91667,1698,197.9167
0,2019,563.1034,1699,563.1034
0,2019,319.3897,1700,319.3897
0,2019,243.20918,1701,243.2092
0,2019,199.0992,1702,199.0992
0,2019,297.53503,1703,297.535
0,2019,322.60333,1704,322.6033
0,2019,184.28624,1705,184.2862
0,2019,298.42896,1706,298.429
0,2019,389.72952,1707,389.7295
0,2019,249.11472,1708,249.1147
0,2019,117.55296,1709,117.553
0,2019,55.78984,1710,55.7898
0,2019,122.08585,1711,122.0859
0,2019,20.710934,1712,20.7109
0,2019,28.118366,1713,28.1184
0,2019,241.00362,1714,241.0036
0,2019,336.3584,1715,336.3584
0,2019,332.51334,1716,332.5133
0,2019,326.43246,1717,326.4325
0,2019,312.09833,1718,312.0983
0,2019,401.9039,1719,401.9039
0,2019,291.24094,1720,291.2409
0,2019,208.79112,1721,208.7911
0,2019,197.76822,1722,197.7682
0,2019,115.42233,1723,115.4223
0,2019,55.056335,1724,55.0563
0,2019,187.2999,1725,187.2999
0,2019,45.72196,1726,45.722
0,2019,26.246624,1727,26.2466
0,2019,2.6608617,1728,2.6609
0,2019,0.058692995,1729,0.0587
0,2019,0.17824176,1730,0.1782
0,2019,14.402815,1731,14.4028
0,2019,74.73771,1732,74.7377
0,2019,175.21512,1733,175.2151
0,2019,75.34634,1734,75.3463
0,2019,7.60718,1735,7.6072
0,2019,124.97789,1736,124.9779
0,2019,224.90536,1737,224.9054
0,2019,27.062658,1738,27.0627
0,2019,81.5993,1739,81.5993
0,2019,455.0807,1740,455.0807
0,2019,732.2019,1741,732.2019
0,2019,805.8688,1742,805.8688
0,2019,547.4742,1743,547.4742
0,2019,351.23,1744,351.23
0,2019,388.42517,1745,388.4252
0,2019,432.3972,1746,432.3972
0,2019,379.9947,1747,379.9947
0,2019,308.54,1748,308.54
0,2019,420.47333,1749,420.4733
0,2019,278.38977,1750,278.3898
0,2019,440.94116,1751,440.9412
0,2019,325.8166,1752,325.8166
0,2019,313.44824,1753,313.4482
0,2019,391.73648,1754,391.7365
0,2019,468.05008,1755,468.0501
0,2019,245.01988,1756,245.0199
0,2019,235.1546,1757,235.1546
0,2019,369.22864,1758,369.2286
0,2019,251.3019,1759,251.3019
0,2019,346.76224,1760,346.7622
0,2019,367.46167,1761,367.4617
0,2019,251.0871,1762,251.0871
0,2019,99.897514,1763,99.8975
0,2019,97.023285,1764,97.0233
0,2019,67.34583,1765,67.3458
0,2019,39.78797,1766,39.788
0,2019,0.35993662,1767,0.3599
0,2019,119.68261,1768,119.6826
0,2019,288.19138,1769,288.1914
0,2019,257.5619,1770,257.5619
0,2019,298.96338,1771,298.9634
0,2019,270.43152,1772,270.4315
0,2019,281.5878,1773,281.5878
0,2019,252.18471,1774,252.1847
0,2019,157.51851,1775,157.5185
0,2019,188.25134,1776,188.2513
0,2019,110.91224,1777,110.9122
0,2019,13.828713,1778,13.8287
0,2019,60.20924,1779,60.2092
0,2019,4.081392,1780,4.0814
0,2019,0.28758332,1781,0.2876
0,2019,0.76137435,1782,0.7614
0,2019,3.7170095,1783,3.717
0,2019,0.26007673,1784,0.2601
0,2019,0.15645589,1785,0.1565
0,2019,31.508694,1786,31.5087
0,2019,144.0908,1787,144.0908
0,2019,116.36036,1788,116.3604
0,2019,63.101795,1789,63.1018
0,2019,103.13987,1790,103.1399
0,2019,73.321,1791,73.321
0,2019,80.532486,1792,80.5325
0,2019,110.6992,1793,110.6992
0,2019,280.7323,1794,280.7323
0,2019,547.38824,1795,547.3882
0,2019,617.69006,1796,617.6901
0,2019,566.52844,1797,566.5284
0,2019,656.86597,1798,656.866
0,2019,568.1258,1799,568.1258
0,2019,539.6608,1800,539.6608
0,2019,317.5573,1801,317.5573
0,2019,275.31586,1802,275.3159
0,2019,421.1259,1803,421.1259
0,2019,482.95206,1804,482.9521
0,2019,469.04605,1805,469.0461
0,2019,438.5043,1806,438.5043
0,2019,409.77094,1807,409.7709
0,2019,488.23907,1808,488.2391
0,2019,336.72748,1809,336.7275
0,2019,439.81845,1810,439.8185
0,2019,395.67313,1811,395.6731
0,2019,306.36948,1812,306.3695
0,2019,256.36047,1813,256.3605
0,2019,150.00526,1814,150.0053
0,2019,201.47919,1815,201.4792
0,2019,81.566666,1816,81.5667
0,2019,47.431664,1817,47.4317
0,2019,127.361824,1818,127.3618
0,2019,285.11295,1819,285.113
0,2019,244.14796,1820,244.148
0,2019,95.68713,1821,95.6871
0,2019,0.5898944,1822,0.5899
0,2019,11.247521,1823,11.2475
0,2019,94.42263,1824,94.4226
0,2019,141.33623,1825,141.3362
0,2019,166.99297,1826,166.993
0,2019,208.30775,1827,208.3078
0,2019,97.389175,1828,97.3892
0,2019,158.02538,1829,158.0254
0,2019,239.51903,1830,239.519
0,2019,154.65889,1831,154.6589
0,2019,49.9333,1832,49.9333
0,2019,34.04191,1833,34.0419
0,2019,70.56765,1834,70.5677
0,2019,49.71562,1835,49.7156
0,2019,41.728115,1836,41.7281
0,2019,32.638386,1837,32.6384
0,2019,18.129179,1838,18.1292
0,2019,0.52513826,1839,0.5251
0,2019,5.432783,1840,5.4328
0,2019,12.803118,1841,12.8031
0,2019,10.433857,1842,10.4339
0,2019,44.852154,1843,44.8522
0,2019,71.536835,1844,71.5368
0,2019,120.61278,1845,120.6128
0,2019,139.50996,1846,139.51
0,2019,199.4355,1847,199.4355
0,2019,221.09029,1848,221.0903
0,2019,416.12186,1849,416.1219
0,2019,262.28134,1850,262.2813
0,2019,111.46229,1851,111.4623
0,2019,74.549736,1852,74.5497
0,2019,97.58481,1853,97.5848
0,2019,150.63211,1854,150.6321
0,2019,126.18589,1855,126.1859
0,2019,264.71454,1856,264.7145
0,2019,421.54926,1857,421.5493
0,2019,557.1169,1858,557.1169
0,2019,483.19025,1859,483.1903
0,2019,485.69406,1860,485.6941
0,2019,361.29065,1861,361.2907
0,2019,383.94833,1862,383.9483
0,2019,414.438,1863,414.438
0,2019,458.25366,1864,458.2537
0,2019,358.8602,1865,358.8602
0,2019,395.94083,1866,395.9408
0,2019,391.17624,1867,391.1762
0,2019,272.2993,1868,272.2993
0,2019,171.68541,1869,171.6854
0,2019,159.67249,1870,159.6725
0,2019,152.64803,1871,152.648
0,2019,207.03369,1872,207.0337
0,2019,268.29858,1873,268.2986
0,2019,150.32095,1874,150.321
0,2019,0.81588125,1875,0.8159
0,2019,0.12244264,1876,0.1224
0,2019,39.30046,1877,39.3005
0,2019,170.9801,1878,170.9801
0,2019,290.08102,1879,290.081
0,2019,215.13503,1880,215.135
0,2019,127.23766,1881,127.2377
0,2019,240.09686,1882,240.0969
0,2019,268.93262,1883,268.9326
0,2019,231.05951,1884,231.0595
0,2019,120.41101,1885,120.411
0,2019,104.35257,1886,104.3526
0,2019,227.86992,1887,227.8699
0,2019,82.59266,1888,82.5927
0,2019,80.86214,1889,80.8621
0,2019,9.209535,1890,9.2095
0,2019,0.77272,1891,0.7727
0,2019,0.76122427,1892,0.7612
0,2019,13.00475,1893,13.0048
0,2019,15.514756,1894,15.5148
0,2019,8.468142,1895,8.4681
0,2019,4.2366467,1896,4.2366
0,2019,0.7931588,1897,0.7932
0,2019,2.0561635,1898,2.0562
0,2019,24.2538,1899,24.2538
0,2019,58.515965,1900,58.516
0,2019,169.05516,1901,169.0552
0,2019,158.87038,1902,158.8704
0,2019,83.12984,1903,83.1298
0,2019,162.4654,1904,162.4654
0,2019,124.64253,1905,124.6425
0,2019,190.9579,1906,190.9579
0,2019,131.02986,1907,131.0299
0,2019,48.326405,1908,48.3264
0,2019,1.1823219,1909,1.1823
0,2019,35.895676,1910,35.8957
0,2019,86.02443,1911,86.0244
0,2019,69.34643,1912,69.3464
0,2019,182.96745,1913,182.9675
0,2019,470.68234,1914,470.6823
0,2019,337.6921,1915,337.6921
0,2019,315.24756,1916,315.2476
0,2019,396.09012,1917,396.0901
0,2019,256.13492,1918,256.1349
0,2019,280.0422,1919,280.0422
0,2019,312.48773,1920,312.4877
0,2019,390.2228,1921,390.2228
0,2019,316.43604,1922,316.436
0,2019,330.04218,1923,330.0422
0,2019,310.05154,1924,310.0515
0,2019,208.22151,1925,208.2215
0,2019,150.81902,1926,150.819
0,2019,124.17623,1927,124.1762
0,2019,102.69123,1928,102.6912
0,2019,133.39223,1929,133.3922
0,2019,103.05055,1930,103.0506
0,2019,48.282177,1931,48.2822
0,2019,1.0180035,1932,1.018
0,2019,59.31983,1933,59.3198
0,2019,179.88902,1934,179.889
0,2019,316.0856,1935,316.0856
0,2019,421.49072,1936,421.4907
0,2019,188.46002,1937,188.46
0,2019,180.96228,1938,180.9623
0,2019,146.8812,1939,146.8812
0,2019,213.20256,1940,213.2026
0,2019,254.16838,1941,254.1684
0,2019,78.876076,1942,78.8761
0,2019,139.96335,1943,139.9634
0,2019,158.98451,1944,158.9845
0,2019,197.73752,1945,197.7375
0,2019,184.65628,1946,184.6563
0,2019,171.51567,1947,171.5157
0,2019,42.311745,1948,42.3117
0,2019,29.314625,1949,29.3146
0,2019,63.32866,1950,63.3287
0,2019,70.96413,1951,70.9641
0,2019,73.38283,1952,73.3828
0,2019,60.33798,1953,60.338
0,2019,8.72395,1954,8.724
0,2019,0.001442937,1955,0.0014
0,2019,7.4557633,1956,7.4558
0,2019,47.610886,1957,47.6109
0,2019,90.38966,1958,90.3897
0,2019,80.60318,1959,80.6032
0,2019,72.37396,1960,72.374
0,2019,66.268036,1961,66.268
0,2019,67.643616,1962,67.6436
0,2019,89.07686,1963,89.0769
0,2019,131.45538,1964,131.4554
0,2019,126.327644,1965,126.3276
0,2019,61.73619,1966,61.7362
0,2019,92.487236,1967,92.4872
0,2019,107.63782,1968,107.6378
0,2019,126.970055,1969,126.9701
0,2019,152.45113,1970,152.4511
0,2019,260.55835,1971,260.5584
0,2019,492.9999,1972,492.9999
0,2019,550.5684,1973,550.5684
0,2019,579.961,1974,579.961
0,2019,443.59735,1975,443.5974
0,2019,460.4232,1976,460.4232
0,2019,238.72693,1977,238.7269
0,2019,279.8743,1978,279.8743
0,2019,311.95392,1979,311.9539
0,2019,162.20143,1980,162.2014
0,2019,145.44325,1981,145.4433
0,2019,50.787636,1982,50.7876
0,2019,115.94046,1983,115.9405
0,2019,251.99785,1984,251.9979
0,2019,282.84592,1985,282.8459
0,2019,88.528496,1986,88.5285
0,2019,50.80255,1987,50.8026
0,2019,2.5011828,1988,2.5012
0,2019,1.4762201,1989,1.4762
0,2019,60.18935,1990,60.1894
0,2019,118.49034,1991,118.4903
0,2019,173.33115,1992,173.3312
0,2019,179.50375,1993,179.5038
0,2019,265.79163,1994,265.7916
0,2019,122.07237,1995,122.0724
0,2019,135.8735,1996,135.8735
0,2019,138.97856,1997,138.9786
0,2019,137.75249,1998,137.7525
0,2019,50.583763,1999,50.5838
0,2019,49.00634,2000,49.0063
0,2019,124.55041,2001,124.5504
0,2019,94.691414,2002,94.6914
0,2019,84.639275,2003,84.6393
0,2019,96.43961,2004,96.4396
0,2019,40.00637,2005,40.0064
0,2019,33.320625,2006,33.3206
0,2019,18.548079,2007,18.5481
0,2019,18.003273,2008,18.0033
0,2019,19.4109,2009,19.4109
0,2019,19.575272,2010,19.5753
0,2019,2.4310148,2011,2.431
0,2019,36.49562,2012,36.4956
0,2019,99.32784,2013,99.3278
0,2019,68.39873,2014,68.3987
0,2019,133.04744,2015,133.0474
0,2019,116.8863,2016,116.8863
0,2019,153.2686,2017,153.2686
0,2019,141.40398,2018,141.404
0,2019,144.09608,2019,144.0961
0,2019,112.47208,2020,112.4721
0,2019,75.4805,2021,75.4805
0,2019,74.664,2022,74.664
0,2019,102.11758,2023,102.1176
0,2019,109.05785,2024,109.0579
0,2019,59.019684,2025,59.0197
0,2019,216.35689,2026,216.3569
0,2019,263.23236,2027,263.2324
0,2019,324.8514,2028,324.8514
0,2019,388.9564,2029,388.9564
0,2019,394.37506,2030,394.3751
0,2019,393.14777,2031,393.1478
0,2019,302.8858,2032,302.8858
0,2019,313.85846,2033,313.8585
0,2019,361.1206,2034,361.1206
0,2019,183.56197,2035,183.562
0,2019,197.4508,2036,197.4508
0,2019,159.03766,2037,159.0377
0,2019,223.47888,2038,223.4789
0,2019,388.19858,2039,388.1986
0,2019,482.5205,2040,482.5205
0,2019,188.89323,2041,188.8932
0,2019,1.4776046,2042,1.4776
0,2019,2.6870449,2043,2.687
0,2019,93.3042,2044,93.3042
0,2019,253.3147,2045,253.3147
0,2019,293.40353,2046,293.4035
0,2019,242.4333,2047,242.4333
0,2019,222.96037,2048,222.9604
0,2019,165.31984,2049,165.3198
0,2019,155.52998,2050,155.53
0,2019,132.69206,2051,132.6921
0,2019,158.98953,2052,158.9895
0,2019,18.14131,2053,18.1413
0,2019,1.4215271,2054,1.4215
0,2019,8.102813,2055,8.1028
0,2019,4.5527263,2056,4.5527
0,2019,8.676264,2057,8.6763
0,2019,13.1417055,2058,13.1417
0,2019,13.301661,2059,13.3017
0,2019,10.571605,2060,10.5716
0,2019,0.6708609,2061,0.6709
0,2019,0.027350442,2062,0.0274
0,2019,19.398085,2063,19.3981
0,2019,58.01937,2064,58.0194
0,2019,120.15768,2065,120.1577
0,2019,121.69112,2066,121.6911
0,2019,84.78595,2067,84.786
0,2019,122.27647,2068,122.2765
0,2019,97.45107,2069,97.4511
0,2019,47.97179,2070,47.9718
0,2019,21.200937,2071,21.2009
0,2019,44.09609,2072,44.0961
0,2019,83.273766,2073,83.2738
0,2019,59.550426,2074,59.5504
0,2019,10.328439,2075,10.3284
0,2019,83.92975,2076,83.9298
0,2019,156.0308,2077,156.0308
0,2019,140.90393,2078,140.9039
0,2019,275.25668,2079,275.2567
0,2019,215.8849,2080,215.8849
0,2019,237.52295,2081,237.523
0,2019,191.11969,2082,191.1197
0,2019,131.51976,2083,131.5198
0,2019,81.635704,2084,81.6357
0,2019,59.486008,2085,59.486
0,2019,96.02319,2086,96.0232
0,2019,293.9831,2087,293.9831
0,2019,324.3086,2088,324.3086
0,2019,520.41943,2089,520.4194
0,2019,276.2677,2090,276.2677
0,2019,26.266504,2091,26.2665
0,2019,9.765903,2092,9.7659
0,2019,205.48785,2093,205.4879
0,2019,344.09467,2094,344.0947
0,2019,226.56409,2095,226.5641
0,2019,184.1413,2096,184.1413
0,2019,259.56683,2097,259.5668
0,2019,232.73103,2098,232.731
0,2019,142.33192,2099,142.3319
0,2019,273.71832,2100,273.7183
0,2019,174.71829,2101,174.7183
0,2019,99.37144,2102,99.3714
0,2019,55.489185,2103,55.4892
0,2019,17.32535,2104,17.3254
0,2019,0.3840263,2105,0.384
0,2019,0.026423804,2106,0.0264
0,2019,14.839361,2107,14.8394
0,2019,7.566725,2108,7.5667
0,2019,2.581542,2109,2.5815
0,2019,0.076723106,2110,0.0767
0,2019,9.746636,2111,9.7466
0,2019,101.5084,2112,101.5084
0,2019,124.27154,2113,124.2715
0,2019,95.1375,2114,95.1375
0,2019,92.06939,2115,92.0694
0,2019,56.082573,2116,56.0826
0,2019,32.267876,2117,32.2679
0,2019,4.2646685,2118,4.2647
0,2019,1.3296535,2119,1.3297
0,2019,4.303229,2120,4.3032
0,2019,6.7086544,2121,6.7087
0,2019,0.26181746,2122,0.2618
0,2019,12.491015,2123,12.491
0,2019,45.398064,2124,45.3981
0,2019,68.838425,2125,68.8384
0,2019,39.957806,2126,39.9578
0,2019,71.69945,2127,71.6995
0,2019,212.0781,2128,212.0781
0,2019,153.06412,2129,153.0641
0,2019,168.02089,2130,168.0209
0,2019,166.39005,2131,166.3901
0,2019,229.82979,2132,229.8298
0,2019,309.30103,2133,309.301
0,2019,361.22385,2134,361.2239
0,2019,395.66586,2135,395.6659
0,2019,359.5441,2136,359.5441
0,2019,203.87889,2137,203.8789
0,2019,13.886902,2138,13.8869
0,2019,11.621017,2139,11.621
0,2019,72.7039,2140,72.7039
0,2019,82.2606,2141,82.2606
0,2019,34.93308,2142,34.9331
0,2019,270.18372,2143,270.1837
0,2019,295.05988,2144,295.0599
0,2019,225.99683,2145,225.9968
0,2019,173.67734,2146,173.6773
0,2019,256.0764,2147,256.0764
0,2019,230.58904,2148,230.589
0,2019,178.31598,2149,178.316
0,2019,88.19089,2150,88.1909
0,2019,40.362633,2151,40.3626
0,2019,23.61419,2152,23.6142
0,2019,25.689638,2153,25.6896
0,2019,27.765837,2154,27.7658
0,2019,0.9112895,2155,0.9113
0,2019,0.061064407,2156,0.0611
0,2019,25.1413,2157,25.1413
0,2019,74.83188,2158,74.8319
0,2019,108.31383,2159,108.3138
0,2019,61.860382,2160,61.8604
0,2019,39.22456,2161,39.2246
0,2019,25.075228,2162,25.0752
0,2019,49.242027,2163,49.242
0,2019,29.275312,2164,29.2753
0,2019,12.379079,2165,12.3791
0,2019,8.244326,2166,8.2443
0,2019,25.12615,2167,25.1262
0,2019,26.698524,2168,26.6985
0,2019,151.48233,2169,151.4823
0,2019,198.5476,2170,198.5476
0,2019,292.30627,2171,292.3063
0,2019,218.14842,2172,218.1484
0,2019,314.48834,2173,314.4883
0,2019,295.28143,2174,295.2814
0,2019,313.34006,2175,313.3401
0,2019,200.06793,2176,200.0679
0,2019,240.91725,2177,240.9173
0,2019,128.05598,2178,128.056
0,2019,4.754002,2179,4.754
0,2019,0.23615646,2180,0.2362
0,2019,2.5073788,2181,2.5074
0,2019,6.7418966,2182,6.7419
0,2019,32.4881,2183,32.4881
0,2019,80.09236,2184,80.0924
0,2019,280.79703,2185,280.797
0,2019,230.66032,2186,230.6603
0,2019,178.38846,2187,178.3885
0,2019,176.51637,2188,176.5164
0,2019,169.49594,2189,169.4959
0,2019,221.65733,2190,221.6573
0,2019,158.6274,2191,158.6274
0,2019,148.61238,2192,148.6124
0,2019,73.219734,2193,73.2197
0,2019,42.440907,2194,42.4409
0,2019,16.563658,2195,16.5637
0,2019,5.6213717,2196,5.6214
0,2019,0.071841486,2197,0.0718
0,2019,8.753552,2198,8.7536
0,2019,88.53346,2199,88.5335
0,2019,148.97922,2200,148.9792
0,2019,71.43206,2201,71.4321
0,2019,45.58112,2202,45.5811
0,2019,154.05978,2203,154.0598
0,2019,111.020065,2204,111.0201
0,2019,49.281548,2205,49.2815
0,2019,0.97325313,2206,0.9733
0,2019,0.74809766,2207,0.7481
0,2019,0.037371352,2208,0.0374
0,2019,0.42393473,2209,0.4239
0,2019,8.302902,2210,8.3029
0,2019,30.905602,2211,30.9056
0,2019,133.23888,2212,133.2389
0,2019,334.61932,2213,334.6193
0,2019,418.5135,2214,418.5135
0,2019,344.88303,2215,344.883
0,2019,318.36707,2216,318.3671
0,2019,286.30515,2217,286.3052
0,2019,140.15923,2218,140.1592
0,2019,11.322618,2219,11.3226
0,2019,1.682843,2220,1.6828
0,2019,3.7818284,2221,3.7818
0,2019,13.721129,2222,13.7211
0,2019,56.446674,2223,56.4467
0,2019,116.74226,2224,116.7423
0,2019,164.28447,2225,164.2845
0,2019,136.99162,2226,136.9916
0,2019,180.26009,2227,180.2601
0,2019,113.52094,2228,113.5209
0,2019,125.255264,2229,125.2553
0,2019,154.83087,2230,154.8309
0,2019,90.535225,2231,90.5352
0,2019,35.932457,2232,35.9325
0,2019,30.344475,2233,30.3445
0,2019,0.47352117,2234,0.4735
0,2019,1.6554983,2235,1.6555
0,2019,0.008029316,2236,0.008
0,2019,14.228347,2237,14.2283
0,2019,94.61387,2238,94.6139
0,2019,154.58067,2239,154.5807
0,2019,153.50188,2240,153.5019
0,2019,135.34264,2241,135.3426
0,2019,100.35255,2242,100.3526
0,2019,134.68765,2243,134.6877
0,2019,44.3422,2244,44.3422
0,2019,54.05104,2245,54.051
0,2019,27.187424,2246,27.1874
0,2019,27.578127,2247,27.5781
0,2019,128.25511,2248,128.2551
0,2019,139.72394,2249,139.7239
0,2019,279.12454,2250,279.1245
0,2019,260.95508,2251,260.9551
0,2019,199.55618,2252,199.5562
0,2019,87.11018,2253,87.1102
0,2019,12.045246,2254,12.0452
0,2019,10.393687,2255,10.3937
0,2019,2.068672,2256,2.0687
0,2019,0.38194346,2257,0.3819
0,2019,2.68,2258,2.68
0,2019,11.566998,2259,11.567
0,2019,45.308372,2260,45.3084
0,2019,66.63303,2261,66.633
0,2019,106.36779,2262,106.3678
0,2019,193.95029,2263,193.9503
0,2019,253.22943,2264,253.2294
0,2019,225.59462,2265,225.5946
0,2019,144.38184,2266,144.3818
0,2019,60.997234,2267,60.9972
0,2019,7.829252,2268,7.8293
0,2019,1.5833035,2269,1.5833
0,2019,2.0402958,2270,2.0403
0,2019,0.41121265,2271,0.4112
0,2019,0.46540383,2272,0.4654
0,2019,0.31143445,2273,0.3114
0,2019,5.7129874,2274,5.713
0,2019,15.763635,2275,15.7636
0,2019,90.46859,2276,90.4686
0,2019,130.7653,2277,130.7653
0,2019,137.24814,2278,137.2481
0,2019,114.00559,2279,114.0056
0,2019,86.95031,2280,86.9503
0,2019,100.71283,2281,100.7128
0,2019,74.946106,2282,74.9461
0,2019,130.83061,2283,130.8306
0,2019,178.45177,2284,178.4518
0,2019,217.75777,2285,217.7578
0,2019,304.91577,2286,304.9158
0,2019,131.75003,2287,131.75
0,2019,42.570267,2288,42.5703
0,2019,5.149989,2289,5.15
0,2019,0.06247857,2290,0.0625
0,2019,36.176144,2291,36.1761
0,2019,61.522144,2292,61.5221
0,2019,60.230022,2293,60.23
0,2019,98.555336,2294,98.5553
0,2019,151.13712,2295,151.1371
0,2019,143.524,2296,143.524
0,2019,124.80586,2297,124.8059
0,2019,42.601288,2298,42.6013
0,2019,1.2560079,2299,1.256
0,2019,0.3262068,2300,0.3262
0,2019,0.3494415,2301,0.3494
0,2019,3.0110922,2302,3.0111
0,2019,0.020019338,2303,0.02
0,2019,9.00795,2304,9.008
0,2019,18.043121,2305,18.0431
0,2019,53.226643,2306,53.2266
0,2019,115.099915,2307,115.0999
0,2019,84.92296,2308,84.923
0,2019,88.50765,2309,88.5077
0,2019,84.74535,2310,84.7454
0,2019,56.839176,2311,56.8392
0,2019,63.871674,2312,63.8717
0,2019,28.466267,2313,28.4663
0,2019,52.264782,2314,52.2648
0,2019,22.131456,2315,22.1315
0,2019,0.36757773,2316,0.3676
0,2019,1.4604028,2317,1.4604
0,2019,9.555502,2318,9.5555
0,2019,67.61655,2319,67.6166
0,2019,74.88912,2320,74.8891
0,2019,102.54584,2321,102.5458
0,2019,107.59948,2322,107.5995
0,2019,90.24332,2323,90.2433
0,2019,33.083298,2324,33.0833
0,2019,1.7411594,2325,1.7412
0,2019,0.13352978,2326,0.1335
0,2019,2.2709641,2327,2.271
0,2019,1.6667838,2328,1.6668
0,2019,0.63277686,2329,0.6328
0,2019,0.018828513,2330,0.0188
0,2019,1.3437673,2331,1.3438
0,2019,22.499916,2332,22.4999
0,2019,19.454361,2333,19.4544
0,2019,5.0324717,2334,5.0325
0,2019,15.3325205,2335,15.3325
0,2019,7.9732623,2336,7.9733
0,2019,1.504461,2337,1.5045
0,2019,0.32508814,2338,0.3251
0,2019,0.5045145,2339,0.5045
0,2019,63.937714,2340,63.9377
0,2019,100.459854,2341,100.4599
0,2019,113.65356,2342,113.6536
0,2019,137.87949,2343,137.8795
0,2019,85.20173,2344,85.2017
0,2019,36.22418,2345,36.2242
0,2019,35.536686,2346,35.5367
0,2019,2.3351507,2347,2.3352
0,2019,0.69607484,2348,0.6961
0,2019,0.49380788,2349,0.4938
0,2019,0.7665392,2350,0.7665
0,2019,0.33641946,2351,0.3364
0,2019,0.8282424,2352,0.8282
0,2019,63.724377,2353,63.7244
0,2019,155.91245,2354,155.9125
0,2019,120.14082,2355,120.1408
0,2019,149.48048,2356,149.4805
0,2019,69.6768,2357,69.6768
0,2019,5.0608907,2358,5.0609
0,2019,4.9404554,2359,4.9405
0,2019,0.046973526,2360,0.047
0,2019,0.03423931,2361,0.0342
0,2019,0.022654638,2362,0.0227
0,2019,6.2011576,2363,6.2012
0,2019,57.520725,2364,57.5207
0,2019,121.3417,2365,121.3417
0,2019,146.44945,2366,146.4495
0,2019,133.82227,2367,133.8223
0,2019,61.927372,2368,61.9274
0,2019,2.4747405,2369,2.4747
0,2019,1.5546943,2370,1.5547
0,2019,1.4111403,2371,1.4111
0,2019,9.097161,2372,9.0972
0,2019,79.26056,2373,79.2606
0,2019,139.80954,2374,139.8095
0,2019,168.39247,2375,168.3925
0,2019,89.91634,2376,89.9163
0,2019,22.730213,2377,22.7302
0,2019,0.0924171,2378,0.0924
0,2019,2.446145,2379,2.4461
0,2019,2.5641918,2380,2.5642
0,2019,4.0280766,2381,4.0281
0,2019,8.160233,2382,8.1602
0,2019,45.52099,2383,45.521
0,2019,141.00526,2384,141.0053
0,2019,159.68454,2385,159.6845
0,2019,65.6206,2386,65.6206
0,2019,0.77444494,2387,0.7744
0,2019,0.6355431,2388,0.6355
0,2019,0.2552006,2389,0.2552
0,2019,51.685028,2390,51.685
0,2019,51.98994,2391,51.9899
0,2019,14.71895,2392,14.719
0,2019,52.23391,2393,52.2339
0,2019,30.242208,2394,30.2422
0,2019,5.4361815,2395,5.4362
0,2019,22.207708,2396,22.2077
0,2019,39.018135,2397,39.0181
0,2019,4.566195,2398,4.5662
0,2019,0.059914462,2399,0.0599
0,2019,1.0247405,2400,1.0247
0,2019,40.245266,2401,40.2453
0,2019,53.840816,2402,53.8408
0,2019,30.488087,2403,30.4881
0,2019,3.5327826,2404,3.5328
0,2019,5.498498,2405,5.4985
0,2019,0.98504126,2406,0.985
0,2019,7.6984453,2407,7.6984
0,2019,8.7005,2408,8.7005
0,2019,3.8079383,2409,3.8079
0,2019,0.050241813,2410,0.0502
0,2019,0.060586914,2411,0.0606
0,2019,17.064442,2412,17.0644
0,2019,6.409159,2413,6.4092
0,2019,0.12207653,2414,0.1221
0,2019,0.04149293,2415,0.0415
0,2019,1.4196866,2416,1.4197
0,2019,0.24572986,2417,0.2457
